External_ID,Name,Account_r.Account__c,Apt_Location__r.Apt_Location__c,Rent__c,Occupied__c,Bedrooms__c,Amenities__c,Available_Date__c,CreatedDate,LastModifiedDate
a03oB000000G3htQAC,TestApartment,,,,FALSE,2,Hardwood Floors;Fitness Center,,2026-02-20T20:35:10.000+0000,2026-02-20T20:35:10.000+0000
a03oB000000G3huQAC,Unit 1000 - Financial District,001oB00000JcVz7QAF,a00oB000000mSNDQA2,2800,TRUE,1,,,2026-02-20T20:35:10.000+0000,2026-02-20T20:35:10.000+0000
a03oB000000G3hvQAC,Unit 1001 - Sellwood,,a00oB000000mSNQQA2,2550,FALSE,2,Washer/Dryer,,2026-02-20T20:35:10.000+0000,2026-02-20T20:35:10.000+0000
a03oB000000G3hwQAC,Unit 1002 - West Seattle,001oB00000JcW2LQAV,a00oB000000mSNmQAM,3250,TRUE,2,Hardwood Floors;Fitness Center,,2026-02-20T20:35:10.000+0000,2026-02-20T20:35:10.000+0000
a03oB000000G3hxQAC,Unit 1003 - Financial District,,a00oB000000mSNDQA2,3400,FALSE,1,Patio;Washer/Dryer;Fitness Center,,2026-02-20T20:35:10.000+0000,2026-02-20T20:35:10.000+0000
a03oB000000G3hyQAC,Unit 1004 - Foster-Powell,001oB00000JcW0sQAF,a00oB000000mSNWQA2,3200,TRUE,3,,,2026-02-20T20:35:10.000+0000,2026-02-20T20:35:10.000+0000
a03oB000000G3hzQAC,Unit 1005 - University District,,a00oB000000mSNdQAM,3050,FALSE,2,Washer/Dryer,,2026-02-20T20:35:10.000+0000,2026-02-20T20:35:10.000+0000
a03oB000000G3i0QAC,Unit 1006 - Financial District,001oB00000JcVzAQAV,a00oB000000mSNDQA2,3150,TRUE,1,Hardwood Floors;Fitness Center,,2026-02-20T20:35:10.000+0000,2026-02-20T20:35:10.000+0000
a03oB000000G3i1QAC,Unit 1007 - Mississippi Avenue,,a00oB000000mSNNQA2,3800,FALSE,3,Patio;Washer/Dryer;Fitness Center,,2026-02-20T20:35:10.000+0000,2026-02-20T20:35:10.000+0000
a03oB000000G3i2QAC,Unit 1008 - Madison Park,001oB00000JcW5XQAV,a00oB000000mSNjQAM,2900,TRUE,2,,,2026-02-20T20:35:10.000+0000,2026-02-20T20:35:10.000+0000
a03oB000000G3i3QAC,Unit 1009 - Financial District,,a00oB000000mSNDQA2,2950,FALSE,1,Washer/Dryer,,2026-02-20T20:35:10.000+0000,2026-02-20T20:35:10.000+0000
a03oB000000G3i4QAC,Unit 1010 - Irvington,001oB00000JcW0mQAF,a00oB000000mSNTQA2,2150,TRUE,1,Hardwood Floors;Fitness Center,,2026-02-20T20:35:10.000+0000,2026-02-20T20:35:10.000+0000
a03oB000000G3i5QAC,Unit 1011 - Ballard,,a00oB000000mSNaQAM,3500,FALSE,2,Patio;Washer/Dryer;Fitness Center,,2026-02-20T20:35:10.000+0000,2026-02-20T20:35:10.000+0000
a03oB000000G3i6QAC,Unit 1012 - Financial District,001oB00000JcVzDQAV,a00oB000000mSNDQA2,3600,TRUE,2,,,2026-02-20T20:35:10.000+0000,2026-02-20T20:35:10.000+0000
a03oB000000G3i7QAC,Unit 1013 - Alberta Arts District,,a00oB000000mSNKQA2,1950,FALSE,1,Washer/Dryer,,2026-02-20T20:35:10.000+0000,2026-02-20T20:35:10.000+0000
a03oB000000G3i8QAC,Unit 1014 - Belltown,001oB00000JcW5UQAV,a00oB000000mSNgQAM,4150,TRUE,3,Hardwood Floors;Fitness Center,,2026-02-20T20:35:10.000+0000,2026-02-20T20:35:10.000+0000
a03oB000000G3i9QAC,Unit 1015 - Financial District,,a00oB000000mSNDQA2,4200,FALSE,2,Patio;Washer/Dryer;Fitness Center,,2026-02-20T20:35:10.000+0000,2026-02-20T20:35:10.000+0000
a03oB000000G3iAQAS,Unit 1017 - West Seattle,,a00oB000000mSNmQAM,3950,FALSE,3,Washer/Dryer,,2026-02-20T20:35:10.000+0000,2026-02-20T20:35:10.000+0000
a03oB000000G3iBQAS,Unit 1018 - Financial District,001oB00000JcVzGQAV,a00oB000000mSNDQA2,3950,TRUE,2,Hardwood Floors;Fitness Center,,2026-02-20T20:35:10.000+0000,2026-02-20T20:35:10.000+0000
a03oB000000G3iCQAS,Unit 1019 - Foster-Powell,,a00oB000000mSNWQA2,2400,FALSE,1,Patio;Washer/Dryer;Fitness Center,,2026-02-20T20:35:10.000+0000,2026-02-20T20:35:10.000+0000
a03oB000000G3iDQAS,Unit 1020 - University District,001oB00000JcW5RQAV,a00oB000000mSNdQAM,2200,TRUE,1,,,2026-02-20T20:35:10.000+0000,2026-02-20T20:35:10.000+0000
a03oB000000G3iEQAS,Unit 1021 - Financial District,,a00oB000000mSNDQA2,3750,FALSE,2,Washer/Dryer,,2026-02-20T20:35:10.000+0000,2026-02-20T20:35:10.000+0000
a03oB000000G3iFQAS,Unit 1022 - Mississippi Avenue,001oB00000JcW1JQAV,a00oB000000mSNNQA2,2750,TRUE,2,Hardwood Floors;Fitness Center,,2026-02-20T20:35:10.000+0000,2026-02-20T20:35:10.000+0000
a03oB000000G3iGQAS,Unit 1023 - Madison Park,,a00oB000000mSNjQAM,2800,FALSE,1,Patio;Washer/Dryer;Fitness Center,,2026-02-20T20:35:10.000+0000,2026-02-20T20:35:10.000+0000
a03oB000000G3iHQAS,Unit 1024 - Financial District,001oB00000JcVzJQAV,a00oB000000mSNDQA2,4800,TRUE,3,,,2026-02-20T20:35:10.000+0000,2026-02-20T20:35:10.000+0000
a03oB000000G3iIQAS,Unit 1025 - Irvington,,a00oB000000mSNTQA2,2550,FALSE,2,Washer/Dryer,,2026-02-20T20:35:10.000+0000,2026-02-20T20:35:10.000+0000
a03oB000000G3iJQAS,Unit 1026 - Ballard,001oB00000JcW5OQAV,a00oB000000mSNaQAM,2550,TRUE,1,Hardwood Floors;Fitness Center,,2026-02-20T20:35:10.000+0000,2026-02-20T20:35:10.000+0000
a03oB000000G3iKQAS,Unit 1027 - Financial District,,a00oB000000mSNDQA2,5400,FALSE,3,Patio;Washer/Dryer;Fitness Center,,2026-02-20T20:35:10.000+0000,2026-02-20T20:35:10.000+0000
a03oB000000G3iLQAS,Unit 1028 - Alberta Arts District,001oB00000JcVzfQAF,a00oB000000mSNKQA2,2400,TRUE,2,,,2026-02-20T20:35:10.000+0000,2026-02-20T20:35:10.000+0000
a03oB000000G3iMQAS,Unit 1029 - Belltown,,a00oB000000mSNgQAM,2350,FALSE,1,Washer/Dryer,,2026-02-20T20:35:10.000+0000,2026-02-20T20:35:10.000+0000
a03oB000000G3iNQAS,Unit 1030 - Financial District,001oB00000JcVzMQAV,a00oB000000mSNDQA2,3150,TRUE,1,Hardwood Floors;Fitness Center,,2026-02-20T20:35:10.000+0000,2026-02-20T20:35:10.000+0000
a03oB000000G3iOQAS,Unit 1031 - Sellwood,,a00oB000000mSNQQA2,3000,FALSE,2,Patio;Washer/Dryer;Fitness Center,,2026-02-20T20:35:10.000+0000,2026-02-20T20:35:10.000+0000
a03oB000000G3iPQAS,Unit 1032 - West Seattle,001oB00000JcW5LQAV,a00oB000000mSNmQAM,2900,TRUE,2,,,2026-02-20T20:35:10.000+0000,2026-02-20T20:35:10.000+0000
a03oB000000G3iQQAS,Unit 1033 - Financial District,,a00oB000000mSNDQA2,2950,FALSE,1,Washer/Dryer,,2026-02-20T20:35:10.000+0000,2026-02-20T20:35:10.000+0000
a03oB000000G3iRQAS,Unit 1034 - Foster-Powell,001oB00000JcVzrQAF,a00oB000000mSNWQA2,3550,TRUE,3,Hardwood Floors;Fitness Center,,2026-02-20T20:35:10.000+0000,2026-02-20T20:35:10.000+0000
a03oB000000G3iSQAS,Unit 1035 - University District,,a00oB000000mSNdQAM,3500,FALSE,2,Patio;Washer/Dryer;Fitness Center,,2026-02-20T20:35:10.000+0000,2026-02-20T20:35:10.000+0000
a03oB000000G3iTQAS,Unit 1036 - Financial District,001oB00000JcVzPQAV,a00oB000000mSNDQA2,2800,TRUE,1,,,2026-02-20T20:35:10.000+0000,2026-02-20T20:35:10.000+0000
a03oB000000G3iUQAS,Unit 1037 - Mississippi Avenue,,a00oB000000mSNNQA2,3350,FALSE,3,Washer/Dryer,,2026-02-20T20:35:10.000+0000,2026-02-20T20:35:10.000+0000
a03oB000000G3iVQAS,Unit 1038 - Madison Park,001oB00000JcW5IQAV,a00oB000000mSNjQAM,3250,TRUE,2,Hardwood Floors;Fitness Center,,2026-02-20T20:35:10.000+0000,2026-02-20T20:35:10.000+0000
a03oB000000G3iWQAS,Unit 1039 - Financial District,,a00oB000000mSNDQA2,3400,FALSE,1,Patio;Washer/Dryer;Fitness Center,,2026-02-20T20:35:10.000+0000,2026-02-20T20:35:10.000+0000
a03oB000000G3iXQAS,Unit 1040 - Irvington,001oB00000JcW1MQAV,a00oB000000mSNTQA2,1800,TRUE,1,,,2026-02-20T20:35:10.000+0000,2026-02-20T20:35:10.000+0000
a03oB000000G3iYQAS,Unit 1041 - Ballard,,a00oB000000mSNaQAM,3050,FALSE,2,Washer/Dryer,,2026-02-20T20:35:10.000+0000,2026-02-20T20:35:10.000+0000
a03oB000000G3iZQAS,Unit 1042 - Financial District,001oB00000JcVzSQAV,a00oB000000mSNDQA2,3950,TRUE,2,Hardwood Floors;Fitness Center,,2026-02-20T20:35:10.000+0000,2026-02-20T20:35:10.000+0000
a03oB000000G3iaQAC,Unit 1043 - Alberta Arts District,,a00oB000000mSNKQA2,2400,FALSE,1,Patio;Washer/Dryer;Fitness Center,,2026-02-20T20:35:10.000+0000,2026-02-20T20:35:10.000+0000
a03oB000000G3ibQAC,Unit 1044 - Belltown,001oB00000JcW5FQAV,a00oB000000mSNgQAM,3800,TRUE,3,,,2026-02-20T20:35:10.000+0000,2026-02-20T20:35:10.000+0000
a03oB000000G3icQAC,Unit 1045 - Financial District,,a00oB000000mSNDQA2,3750,FALSE,2,Washer/Dryer,,2026-02-20T20:35:10.000+0000,2026-02-20T20:35:10.000+0000
a03oB000000G3idQAC,Unit 1046 - Sellwood,001oB00000JcW41QAF,a00oB000000mSNQQA2,2150,TRUE,1,Hardwood Floors;Fitness Center,,2026-02-20T20:35:10.000+0000,2026-02-20T20:35:10.000+0000
a03oB000000G3ieQAC,Unit 1047 - West Seattle,,a00oB000000mSNmQAM,4400,FALSE,3,Patio;Washer/Dryer;Fitness Center,,2026-02-20T20:35:10.000+0000,2026-02-20T20:35:10.000+0000
a03oB000000G3ifQAC,Unit 1048 - Financial District,001oB00000JcVzVQAV,a00oB000000mSNDQA2,3600,TRUE,2,,,2026-02-20T20:35:10.000+0000,2026-02-20T20:35:10.000+0000
a03oB000000G3igQAC,Unit 1049 - Foster-Powell,,a00oB000000mSNWQA2,1950,FALSE,1,Washer/Dryer,,2026-02-20T20:35:10.000+0000,2026-02-20T20:35:10.000+0000
a03oB000000G3ihQAC,Unit 1050 - University District,001oB00000JcW5CQAV,a00oB000000mSNdQAM,2550,TRUE,1,Hardwood Floors;Fitness Center,,2026-02-20T20:35:10.000+0000,2026-02-20T20:35:10.000+0000
a03oB000000G3iiQAC,Unit 1051 - Financial District,,a00oB000000mSNDQA2,4200,FALSE,2,Patio;Washer/Dryer;Fitness Center,,2026-02-20T20:35:10.000+0000,2026-02-20T20:35:10.000+0000
a03oB000000G3ijQAC,Unit 1052 - Mississippi Avenue,001oB00000JcW3yQAF,a00oB000000mSNNQA2,2400,TRUE,2,,,2026-02-20T20:35:10.000+0000,2026-02-20T20:35:10.000+0000
a03oB000000G3ikQAC,Unit 1053 - Madison Park,,a00oB000000mSNjQAM,2350,FALSE,1,Washer/Dryer,,2026-02-20T20:35:10.000+0000,2026-02-20T20:35:10.000+0000
a03oB000000G3ilQAC,Unit 1054 - Financial District,001oB00000JcVzYQAV,a00oB000000mSNDQA2,5150,TRUE,3,Hardwood Floors;Fitness Center,,2026-02-20T20:35:10.000+0000,2026-02-20T20:35:10.000+0000
a03oB000000G3imQAC,Unit 1055 - Irvington,,a00oB000000mSNTQA2,3000,FALSE,2,Patio;Washer/Dryer;Fitness Center,,2026-02-20T20:35:10.000+0000,2026-02-20T20:35:10.000+0000
a03oB000000G3inQAC,Unit 1056 - Ballard,001oB00000JcW59QAF,a00oB000000mSNaQAM,2200,TRUE,1,,,2026-02-20T20:35:10.000+0000,2026-02-20T20:35:10.000+0000
a03oB000000G3ioQAC,Unit 1057 - Financial District,,a00oB000000mSNDQA2,4950,FALSE,3,Washer/Dryer,,2026-02-20T20:35:10.000+0000,2026-02-20T20:35:10.000+0000
a03oB000000G3ipQAC,Unit 1058 - Alberta Arts District,001oB00000JcW1PQAV,a00oB000000mSNKQA2,2750,TRUE,2,Hardwood Floors;Fitness Center,,2026-02-20T20:35:10.000+0000,2026-02-20T20:35:10.000+0000
a03oB000000G3iqQAC,Unit 1059 - Belltown,,a00oB000000mSNgQAM,2800,FALSE,1,Patio;Washer/Dryer;Fitness Center,,2026-02-20T20:35:10.000+0000,2026-02-20T20:35:10.000+0000
a03oB000000G3irQAC,Unit 1060 - Financial District,001oB00000JcVzbQAF,a00oB000000mSNDQA2,2800,TRUE,1,,,2026-02-20T20:35:10.000+0000,2026-02-20T20:35:10.000+0000
a03oB000000G3isQAC,Unit 1061 - Sellwood,,a00oB000000mSNQQA2,2550,FALSE,2,Washer/Dryer,,2026-02-20T20:35:10.000+0000,2026-02-20T20:35:10.000+0000
a03oB000000G3itQAC,Unit 1062 - West Seattle,001oB00000JcW56QAF,a00oB000000mSNmQAM,3250,TRUE,2,Hardwood Floors;Fitness Center,,2026-02-20T20:35:10.000+0000,2026-02-20T20:35:10.000+0000
a03oB000000G3iuQAC,Unit 1063 - Financial District,,a00oB000000mSNDQA2,3400,FALSE,1,Patio;Washer/Dryer;Fitness Center,,2026-02-20T20:35:10.000+0000,2026-02-20T20:35:10.000+0000
a03oB000000G3ivQAC,Unit 1064 - Foster-Powell,001oB00000JcW0jQAF,a00oB000000mSNWQA2,3200,TRUE,3,,,2026-02-20T20:35:10.000+0000,2026-02-20T20:35:10.000+0000
a03oB000000G3iwQAC,Unit 1065 - University District,,a00oB000000mSNdQAM,3050,FALSE,2,Washer/Dryer,,2026-02-20T20:35:10.000+0000,2026-02-20T20:35:10.000+0000
a03oB000000G3ixQAC,Unit 1066 - Financial District,001oB00000JcVzeQAF,a00oB000000mSNDQA2,3150,TRUE,1,Hardwood Floors;Fitness Center,,2026-02-20T20:35:10.000+0000,2026-02-20T20:35:10.000+0000
a03oB000000G3iyQAC,Unit 1067 - Mississippi Avenue,,a00oB000000mSNNQA2,3800,FALSE,3,Patio;Washer/Dryer;Fitness Center,,2026-02-20T20:35:10.000+0000,2026-02-20T20:35:10.000+0000
a03oB000000G3izQAC,Unit 1068 - Madison Park,001oB00000JcW53QAF,a00oB000000mSNjQAM,2900,TRUE,2,,,2026-02-20T20:35:10.000+0000,2026-02-20T20:35:10.000+0000
a03oB000000G3j0QAC,Unit 1069 - Financial District,,a00oB000000mSNDQA2,2950,FALSE,1,Washer/Dryer,,2026-02-20T20:35:10.000+0000,2026-02-20T20:35:10.000+0000
a03oB000000G3j1QAC,Unit 1070 - Irvington,001oB00000JcVzNQAV,a00oB000000mSNTQA2,2150,TRUE,1,Hardwood Floors;Fitness Center,,2026-02-20T20:35:10.000+0000,2026-02-20T20:35:10.000+0000
a03oB000000G3j2QAC,Unit 1071 - Ballard,,a00oB000000mSNaQAM,3500,FALSE,2,Patio;Washer/Dryer;Fitness Center,,2026-02-20T20:35:10.000+0000,2026-02-20T20:35:10.000+0000
a03oB000000G3j3QAC,Unit 1072 - Financial District,001oB00000JcVzhQAF,a00oB000000mSNDQA2,3600,TRUE,2,,,2026-02-20T20:35:10.000+0000,2026-02-20T20:35:10.000+0000
a03oB000000G3j4QAC,Unit 1073 - Alberta Arts District,,a00oB000000mSNKQA2,1950,FALSE,1,Washer/Dryer,,2026-02-20T20:35:10.000+0000,2026-02-20T20:35:10.000+0000
a03oB000000G3j5QAC,Unit 1074 - Belltown,001oB00000JcW50QAF,a00oB000000mSNgQAM,4150,TRUE,3,Hardwood Floors;Fitness Center,,2026-02-20T20:35:10.000+0000,2026-02-20T20:35:10.000+0000
a03oB000000G3j6QAC,Unit 1075 - Financial District,,a00oB000000mSNDQA2,4200,FALSE,2,Patio;Washer/Dryer;Fitness Center,,2026-02-20T20:35:10.000+0000,2026-02-20T20:35:10.000+0000
a03oB000000G3j7QAC,Unit 1076 - Sellwood,001oB00000JcW1SQAV,a00oB000000mSNQQA2,1800,TRUE,1,,,2026-02-20T20:35:10.000+0000,2026-02-20T20:35:10.000+0000
a03oB000000G3j8QAC,Unit 1077 - West Seattle,,a00oB000000mSNmQAM,3950,FALSE,3,Washer/Dryer,,2026-02-20T20:35:10.000+0000,2026-02-20T20:35:10.000+0000
a03oB000000G3j9QAC,Unit 1078 - Financial District,001oB00000JcVzkQAF,a00oB000000mSNDQA2,3950,TRUE,2,Hardwood Floors;Fitness Center,,2026-02-20T20:35:10.000+0000,2026-02-20T20:35:10.000+0000
a03oB000000G3jAQAS,Unit 1079 - Foster-Powell,,a00oB000000mSNWQA2,2400,FALSE,1,Patio;Washer/Dryer;Fitness Center,,2026-02-20T20:35:10.000+0000,2026-02-20T20:35:10.000+0000
a03oB000000G3jBQAS,Unit 1080 - University District,001oB00000JcW4xQAF,a00oB000000mSNdQAM,2200,TRUE,1,,,2026-02-20T20:35:10.000+0000,2026-02-20T20:35:10.000+0000
a03oB000000G3jCQAS,Unit 1081 - Financial District,,a00oB000000mSNDQA2,3750,FALSE,2,Washer/Dryer,,2026-02-20T20:35:10.000+0000,2026-02-20T20:35:10.000+0000
a03oB000000G3jDQAS,Unit 1082 - Mississippi Avenue,001oB00000JcW3vQAF,a00oB000000mSNNQA2,2750,TRUE,2,Hardwood Floors;Fitness Center,,2026-02-20T20:35:10.000+0000,2026-02-20T20:35:10.000+0000
a03oB000000G3jEQAS,Unit 1083 - Madison Park,,a00oB000000mSNjQAM,2800,FALSE,1,Patio;Washer/Dryer;Fitness Center,,2026-02-20T20:35:10.000+0000,2026-02-20T20:35:10.000+0000
a03oB000000G3jFQAS,Unit 1084 - Financial District,001oB00000JcVznQAF,a00oB000000mSNDQA2,4800,TRUE,3,,,2026-02-20T20:35:10.000+0000,2026-02-20T20:35:10.000+0000
a03oB000000G3jGQAS,Unit 1085 - Irvington,,a00oB000000mSNTQA2,2550,FALSE,2,Washer/Dryer,,2026-02-20T20:35:10.000+0000,2026-02-20T20:35:10.000+0000
a03oB000000G3jHQAS,Unit 1086 - Ballard,001oB00000JcW4uQAF,a00oB000000mSNaQAM,2550,TRUE,1,Hardwood Floors;Fitness Center,,2026-02-20T20:35:10.000+0000,2026-02-20T20:35:10.000+0000
a03oB000000G3jIQAS,Unit 1087 - Financial District,,a00oB000000mSNDQA2,5400,FALSE,3,Patio;Washer/Dryer;Fitness Center,,2026-02-20T20:35:10.000+0000,2026-02-20T20:35:10.000+0000
a03oB000000G3jJQAS,Unit 1088 - Alberta Arts District,001oB00000JcVzuQAF,a00oB000000mSNKQA2,2400,TRUE,2,,,2026-02-20T20:35:10.000+0000,2026-02-20T20:35:10.000+0000
a03oB000000G3jKQAS,Unit 1089 - Belltown,,a00oB000000mSNgQAM,2350,FALSE,1,Washer/Dryer,,2026-02-20T20:35:10.000+0000,2026-02-20T20:35:10.000+0000
a03oB000000G3jLQAS,Unit 1090 - Financial District,001oB00000JcVzqQAF,a00oB000000mSNDQA2,3150,TRUE,1,Hardwood Floors;Fitness Center,,2026-02-20T20:35:10.000+0000,2026-02-20T20:35:10.000+0000
a03oB000000G3jMQAS,Unit 1091 - Sellwood,,a00oB000000mSNQQA2,3000,FALSE,2,Patio;Washer/Dryer;Fitness Center,,2026-02-20T20:35:10.000+0000,2026-02-20T20:35:10.000+0000
a03oB000000G3jNQAS,Unit 1092 - West Seattle,001oB00000JcW4rQAF,a00oB000000mSNmQAM,2900,TRUE,2,,,2026-02-20T20:35:10.000+0000,2026-02-20T20:35:10.000+0000
a03oB000000G3jOQAS,Unit 1093 - Financial District,,a00oB000000mSNDQA2,2950,FALSE,1,Washer/Dryer,,2026-02-20T20:35:10.000+0000,2026-02-20T20:35:10.000+0000
a03oB000000G3jPQAS,Unit 1094 - Foster-Powell,001oB00000JcW1VQAV,a00oB000000mSNWQA2,3550,TRUE,3,Hardwood Floors;Fitness Center,,2026-02-20T20:35:10.000+0000,2026-02-20T20:35:10.000+0000
a03oB000000G3jQQAS,Unit 1095 - University District,,a00oB000000mSNdQAM,3500,FALSE,2,Patio;Washer/Dryer;Fitness Center,,2026-02-20T20:35:10.000+0000,2026-02-20T20:35:10.000+0000
a03oB000000G3jRQAS,Unit 1096 - Financial District,001oB00000JcVztQAF,a00oB000000mSNDQA2,2800,TRUE,1,,,2026-02-20T20:35:10.000+0000,2026-02-20T20:35:10.000+0000
a03oB000000G3jSQAS,Unit 1097 - Mississippi Avenue,,a00oB000000mSNNQA2,3350,FALSE,3,Washer/Dryer,,2026-02-20T20:35:10.000+0000,2026-02-20T20:35:10.000+0000
a03oB000000G3jTQAS,Unit 1098 - Madison Park,001oB00000JcW4oQAF,a00oB000000mSNjQAM,3250,TRUE,2,Hardwood Floors;Fitness Center,,2026-02-20T20:35:10.000+0000,2026-02-20T20:35:10.000+0000
a03oB000000G3jUQAS,Unit 1099 - Financial District,,a00oB000000mSNDQA2,3400,FALSE,1,Patio;Washer/Dryer;Fitness Center,,2026-02-20T20:35:10.000+0000,2026-02-20T20:35:10.000+0000
a03oB000000G3jVQAS,Unit 1100 - Irvington,001oB00000JcW3sQAF,a00oB000000mSNTQA2,1800,TRUE,1,,,2026-02-20T20:35:10.000+0000,2026-02-20T20:35:10.000+0000
a03oB000000G3jWQAS,Unit 1101 - Ballard,,a00oB000000mSNaQAM,3050,FALSE,2,Washer/Dryer,,2026-02-20T20:35:10.000+0000,2026-02-20T20:35:10.000+0000
a03oB000000G3jXQAS,Unit 1102 - Financial District,001oB00000JcVzwQAF,a00oB000000mSNDQA2,3950,TRUE,2,Hardwood Floors;Fitness Center,,2026-02-20T20:35:10.000+0000,2026-02-20T20:35:10.000+0000
a03oB000000G3jYQAS,Unit 1103 - Alberta Arts District,,a00oB000000mSNKQA2,2400,FALSE,1,Patio;Washer/Dryer;Fitness Center,,2026-02-20T20:35:10.000+0000,2026-02-20T20:35:10.000+0000
a03oB000000G3jZQAS,Unit 1104 - Belltown,001oB00000JcW4lQAF,a00oB000000mSNgQAM,3800,TRUE,3,,,2026-02-20T20:35:10.000+0000,2026-02-20T20:35:10.000+0000
a03oB000000G3jaQAC,Unit 1105 - Financial District,,a00oB000000mSNDQA2,3750,FALSE,2,Washer/Dryer,,2026-02-20T20:35:10.000+0000,2026-02-20T20:35:10.000+0000
a03oB000000G3jbQAC,Unit 1106 - Sellwood,001oB00000JcW3pQAF,a00oB000000mSNQQA2,2150,TRUE,1,Hardwood Floors;Fitness Center,,2026-02-20T20:35:10.000+0000,2026-02-20T20:35:10.000+0000
a03oB000000G3jcQAC,Unit 1107 - West Seattle,,a00oB000000mSNmQAM,4400,FALSE,3,Patio;Washer/Dryer;Fitness Center,,2026-02-20T20:35:10.000+0000,2026-02-20T20:35:10.000+0000
a03oB000000G3jdQAC,Unit 1108 - Financial District,001oB00000JcVzzQAF,a00oB000000mSNDQA2,3600,TRUE,2,,,2026-02-20T20:35:10.000+0000,2026-02-20T20:35:10.000+0000
a03oB000000G3jeQAC,Unit 1109 - Foster-Powell,,a00oB000000mSNWQA2,1950,FALSE,1,Washer/Dryer,,2026-02-20T20:35:10.000+0000,2026-02-20T20:35:10.000+0000
a03oB000000G3jfQAC,Unit 1110 - University District,001oB00000JcW4iQAF,a00oB000000mSNdQAM,2550,TRUE,1,Hardwood Floors;Fitness Center,,2026-02-20T20:35:10.000+0000,2026-02-20T20:35:10.000+0000
a03oB000000G3jgQAC,Unit 1111 - Financial District,,a00oB000000mSNDQA2,4200,FALSE,2,Patio;Washer/Dryer;Fitness Center,,2026-02-20T20:35:10.000+0000,2026-02-20T20:35:10.000+0000
a03oB000000G3jhQAC,Unit 1112 - Mississippi Avenue,001oB00000JcW1YQAV,a00oB000000mSNNQA2,2400,TRUE,2,,,2026-02-20T20:35:10.000+0000,2026-02-20T20:35:10.000+0000
a03oB000000G3jiQAC,Unit 1113 - Madison Park,,a00oB000000mSNjQAM,2350,FALSE,1,Washer/Dryer,,2026-02-20T20:35:10.000+0000,2026-02-20T20:35:10.000+0000
a03oB000000G3jjQAC,Unit 1114 - Financial District,001oB00000JcW02QAF,a00oB000000mSNDQA2,5150,TRUE,3,Hardwood Floors;Fitness Center,,2026-02-20T20:35:10.000+0000,2026-02-20T20:35:10.000+0000
a03oB000000G3jkQAC,Unit 1115 - Irvington,,a00oB000000mSNTQA2,3000,FALSE,2,Patio;Washer/Dryer;Fitness Center,,2026-02-20T20:35:10.000+0000,2026-02-20T20:35:10.000+0000
a03oB000000G3jlQAC,Unit 1116 - Ballard,001oB00000JcW4fQAF,a00oB000000mSNaQAM,2200,TRUE,1,,,2026-02-20T20:35:10.000+0000,2026-02-20T20:35:10.000+0000
a03oB000000G3jmQAC,Unit 1117 - Financial District,,a00oB000000mSNDQA2,4950,FALSE,3,Washer/Dryer,,2026-02-20T20:35:10.000+0000,2026-02-20T20:35:10.000+0000
a03oB000000G3jnQAC,Unit 1118 - Alberta Arts District,001oB00000JcW0gQAF,a00oB000000mSNKQA2,2750,TRUE,2,Hardwood Floors;Fitness Center,,2026-02-20T20:35:10.000+0000,2026-02-20T20:35:10.000+0000
a03oB000000G3joQAC,Unit 1119 - Belltown,,a00oB000000mSNgQAM,2800,FALSE,1,Patio;Washer/Dryer;Fitness Center,,2026-02-20T20:35:10.000+0000,2026-02-20T20:35:10.000+0000
a03oB000000G3jpQAC,Unit 1120 - Financial District,001oB00000JcW05QAF,a00oB000000mSNDQA2,2800,TRUE,1,,,2026-02-20T20:35:10.000+0000,2026-02-20T20:35:10.000+0000
a03oB000000G3jqQAC,Unit 1121 - Sellwood,,a00oB000000mSNQQA2,2550,FALSE,2,Washer/Dryer,,2026-02-20T20:35:10.000+0000,2026-02-20T20:35:10.000+0000
a03oB000000G3jrQAC,Unit 1122 - West Seattle,001oB00000JcW4cQAF,a00oB000000mSNmQAM,3250,TRUE,2,Hardwood Floors;Fitness Center,,2026-02-20T20:35:10.000+0000,2026-02-20T20:35:10.000+0000
a03oB000000G3jsQAC,Unit 1123 - Financial District,,a00oB000000mSNDQA2,3400,FALSE,1,Patio;Washer/Dryer;Fitness Center,,2026-02-20T20:35:10.000+0000,2026-02-20T20:35:10.000+0000
a03oB000000G3jtQAC,Unit 1124 - Foster-Powell,001oB00000JcW3mQAF,a00oB000000mSNWQA2,3200,TRUE,3,,,2026-02-20T20:35:10.000+0000,2026-02-20T20:35:10.000+0000
a03oB000000G3juQAC,Unit 1125 - University District,,a00oB000000mSNdQAM,3050,FALSE,2,Washer/Dryer,,2026-02-20T20:35:10.000+0000,2026-02-20T20:35:10.000+0000
a03oB000000G3jvQAC,Unit 1126 - Financial District,001oB00000JcW08QAF,a00oB000000mSNDQA2,3150,TRUE,1,Hardwood Floors;Fitness Center,,2026-02-20T20:35:10.000+0000,2026-02-20T20:35:10.000+0000
a03oB000000G3jwQAC,Unit 1127 - Mississippi Avenue,,a00oB000000mSNNQA2,3800,FALSE,3,Patio;Washer/Dryer;Fitness Center,,2026-02-20T20:35:10.000+0000,2026-02-20T20:35:10.000+0000
a03oB000000G3jxQAC,Unit 1128 - Madison Park,001oB00000JcW4ZQAV,a00oB000000mSNjQAM,2900,TRUE,2,,,2026-02-20T20:35:10.000+0000,2026-02-20T20:35:10.000+0000
a03oB000000G3jyQAC,Unit 1129 - Financial District,,a00oB000000mSNDQA2,2950,FALSE,1,Washer/Dryer,,2026-02-20T20:35:10.000+0000,2026-02-20T20:35:10.000+0000
a03oB000000G3jzQAC,Unit 1130 - Irvington,001oB00000JcW1bQAF,a00oB000000mSNTQA2,2150,TRUE,1,Hardwood Floors;Fitness Center,,2026-02-20T20:35:10.000+0000,2026-02-20T20:35:10.000+0000
a03oB000000G3k0QAC,Unit 1131 - Ballard,,a00oB000000mSNaQAM,3500,FALSE,2,Patio;Washer/Dryer;Fitness Center,,2026-02-20T20:35:10.000+0000,2026-02-20T20:35:10.000+0000
a03oB000000G3k1QAC,Unit 1132 - Financial District,001oB00000JcW0BQAV,a00oB000000mSNDQA2,3600,TRUE,2,,,2026-02-20T20:35:10.000+0000,2026-02-20T20:35:10.000+0000
a03oB000000G3k2QAC,Unit 1133 - Alberta Arts District,,a00oB000000mSNKQA2,1950,FALSE,1,Washer/Dryer,,2026-02-20T20:35:10.000+0000,2026-02-20T20:35:10.000+0000
a03oB000000G3k3QAC,Unit 1134 - Belltown,001oB00000JcW4WQAV,a00oB000000mSNgQAM,4150,TRUE,3,Hardwood Floors;Fitness Center,,2026-02-20T20:35:10.000+0000,2026-02-20T20:35:10.000+0000
a03oB000000G3k4QAC,Unit 1135 - Financial District,,a00oB000000mSNDQA2,4200,FALSE,2,Patio;Washer/Dryer;Fitness Center,,2026-02-20T20:35:10.000+0000,2026-02-20T20:35:10.000+0000
a03oB000000G3k5QAC,Unit 1136 - Sellwood,001oB00000JcW3jQAF,a00oB000000mSNQQA2,1800,TRUE,1,,,2026-02-20T20:35:10.000+0000,2026-02-20T20:35:10.000+0000
a03oB000000G3k6QAC,Unit 1137 - West Seattle,,a00oB000000mSNmQAM,3950,FALSE,3,Washer/Dryer,,2026-02-20T20:35:10.000+0000,2026-02-20T20:35:10.000+0000
a03oB000000G3k7QAC,Unit 1138 - Financial District,001oB00000JcW0EQAV,a00oB000000mSNDQA2,3950,TRUE,2,Hardwood Floors;Fitness Center,,2026-02-20T20:35:10.000+0000,2026-02-20T20:35:10.000+0000
a03oB000000G3k8QAC,Unit 1139 - Foster-Powell,,a00oB000000mSNWQA2,2400,FALSE,1,Patio;Washer/Dryer;Fitness Center,,2026-02-20T20:35:10.000+0000,2026-02-20T20:35:10.000+0000
a03oB000000G3k9QAC,Unit 1140 - University District,001oB00000JcW4TQAV,a00oB000000mSNdQAM,2200,TRUE,1,,,2026-02-20T20:35:10.000+0000,2026-02-20T20:35:10.000+0000
a03oB000000G3kAQAS,Unit 1141 - Financial District,,a00oB000000mSNDQA2,3750,FALSE,2,Washer/Dryer,,2026-02-20T20:35:10.000+0000,2026-02-20T20:35:10.000+0000
a03oB000000G3kBQAS,Unit 1142 - Mississippi Avenue,001oB00000JcVzxQAF,a00oB000000mSNNQA2,2750,TRUE,2,Hardwood Floors;Fitness Center,,2026-02-20T20:35:10.000+0000,2026-02-20T20:35:10.000+0000
a03oB000000G3kCQAS,Unit 1143 - Madison Park,,a00oB000000mSNjQAM,2800,FALSE,1,Patio;Washer/Dryer;Fitness Center,,2026-02-20T20:35:10.000+0000,2026-02-20T20:35:10.000+0000
a03oB000000G3kDQAS,Unit 1144 - Financial District,001oB00000JcW0HQAV,a00oB000000mSNDQA2,4800,TRUE,3,,,2026-02-20T20:35:10.000+0000,2026-02-20T20:35:10.000+0000
a03oB000000G3kEQAS,Unit 1145 - Irvington,,a00oB000000mSNTQA2,2550,FALSE,2,Washer/Dryer,,2026-02-20T20:35:10.000+0000,2026-02-20T20:35:10.000+0000
a03oB000000G3kFQAS,Unit 1146 - Ballard,001oB00000JcW4QQAV,a00oB000000mSNaQAM,2550,TRUE,1,Hardwood Floors;Fitness Center,,2026-02-20T20:35:10.000+0000,2026-02-20T20:35:10.000+0000
a03oB000000G3kGQAS,Unit 1147 - Financial District,,a00oB000000mSNDQA2,5400,FALSE,3,Patio;Washer/Dryer;Fitness Center,,2026-02-20T20:35:10.000+0000,2026-02-20T20:35:10.000+0000
a03oB000000G3kHQAS,Unit 1148 - Alberta Arts District,001oB00000JcW1eQAF,a00oB000000mSNKQA2,2400,TRUE,2,,,2026-02-20T20:35:10.000+0000,2026-02-20T20:35:10.000+0000
a03oB000000G3kIQAS,Unit 1149 - Belltown,,a00oB000000mSNgQAM,2350,FALSE,1,Washer/Dryer,,2026-02-20T20:35:10.000+0000,2026-02-20T20:35:10.000+0000
a03oB000000G3kJQAS,Unit 1150 - Financial District,001oB00000JcW0KQAV,a00oB000000mSNDQA2,3150,TRUE,1,Hardwood Floors;Fitness Center,,2026-02-20T20:35:10.000+0000,2026-02-20T20:35:10.000+0000
a03oB000000G3kKQAS,Unit 1151 - Sellwood,,a00oB000000mSNQQA2,3000,FALSE,2,Patio;Washer/Dryer;Fitness Center,,2026-02-20T20:35:10.000+0000,2026-02-20T20:35:10.000+0000
a03oB000000G3kLQAS,Unit 1152 - West Seattle,001oB00000JcW4NQAV,a00oB000000mSNmQAM,2900,TRUE,2,,,2026-02-20T20:35:10.000+0000,2026-02-20T20:35:10.000+0000
a03oB000000G3kMQAS,Unit 1153 - Financial District,,a00oB000000mSNDQA2,2950,FALSE,1,Washer/Dryer,,2026-02-20T20:35:10.000+0000,2026-02-20T20:35:10.000+0000
a03oB000000G3kNQAS,Unit 1154 - Foster-Powell,001oB00000JcW3gQAF,a00oB000000mSNWQA2,3550,TRUE,3,Hardwood Floors;Fitness Center,,2026-02-20T20:35:10.000+0000,2026-02-20T20:35:10.000+0000
a03oB000000G3kOQAS,Unit 1155 - University District,,a00oB000000mSNdQAM,3500,FALSE,2,Patio;Washer/Dryer;Fitness Center,,2026-02-20T20:35:10.000+0000,2026-02-20T20:35:10.000+0000
a03oB000000G3kPQAS,Unit 1156 - Financial District,001oB00000JcW0NQAV,a00oB000000mSNDQA2,2800,TRUE,1,,,2026-02-20T20:35:10.000+0000,2026-02-20T20:35:10.000+0000
a03oB000000G3kQQAS,Unit 1157 - Mississippi Avenue,,a00oB000000mSNNQA2,3350,FALSE,3,Washer/Dryer,,2026-02-20T20:35:10.000+0000,2026-02-20T20:35:10.000+0000
a03oB000000G3kRQAS,Unit 1158 - Madison Park,001oB00000JcW4KQAV,a00oB000000mSNjQAM,3250,TRUE,2,Hardwood Floors;Fitness Center,,2026-02-20T20:35:10.000+0000,2026-02-20T20:35:10.000+0000
a03oB000000G3kSQAS,Unit 1159 - Financial District,,a00oB000000mSNDQA2,3400,FALSE,1,Patio;Washer/Dryer;Fitness Center,,2026-02-20T20:35:10.000+0000,2026-02-20T20:35:10.000+0000
a03oB000000G3kTQAS,Unit 1160 - Irvington,001oB00000JcW0dQAF,a00oB000000mSNTQA2,1800,TRUE,1,,,2026-02-20T20:35:10.000+0000,2026-02-20T20:35:10.000+0000
a03oB000000G3kUQAS,Unit 1161 - Ballard,,a00oB000000mSNaQAM,3050,FALSE,2,Washer/Dryer,,2026-02-20T20:35:10.000+0000,2026-02-20T20:35:10.000+0000
a03oB000000G3kVQAS,Unit 1162 - Financial District,001oB00000JcW0QQAV,a00oB000000mSNDQA2,3950,TRUE,2,Hardwood Floors;Fitness Center,,2026-02-20T20:35:10.000+0000,2026-02-20T20:35:10.000+0000
a03oB000000G3kWQAS,Unit 1163 - Alberta Arts District,,a00oB000000mSNKQA2,2400,FALSE,1,Patio;Washer/Dryer;Fitness Center,,2026-02-20T20:35:10.000+0000,2026-02-20T20:35:10.000+0000
a03oB000000G3kXQAS,Unit 1164 - Belltown,001oB00000JcW4HQAV,a00oB000000mSNgQAM,3800,TRUE,3,,,2026-02-20T20:35:10.000+0000,2026-02-20T20:35:10.000+0000
a03oB000000G3kYQAS,Unit 1165 - Financial District,,a00oB000000mSNDQA2,3750,FALSE,2,Washer/Dryer,,2026-02-20T20:35:10.000+0000,2026-02-20T20:35:10.000+0000
a03oB000000G3kZQAS,Unit 1166 - Sellwood,001oB00000JcW1hQAF,a00oB000000mSNQQA2,2150,TRUE,1,Hardwood Floors;Fitness Center,,2026-02-20T20:35:10.000+0000,2026-02-20T20:35:10.000+0000
a03oB000000G3kaQAC,Unit 1167 - West Seattle,,a00oB000000mSNmQAM,4400,FALSE,3,Patio;Washer/Dryer;Fitness Center,,2026-02-20T20:35:10.000+0000,2026-02-20T20:35:10.000+0000
a03oB000000G3kbQAC,Unit 1168 - Financial District,001oB00000JcW0TQAV,a00oB000000mSNDQA2,3600,TRUE,2,,,2026-02-20T20:35:10.000+0000,2026-02-20T20:35:10.000+0000
a03oB000000G3kcQAC,Unit 1169 - Foster-Powell,,a00oB000000mSNWQA2,1950,FALSE,1,Washer/Dryer,,2026-02-20T20:35:10.000+0000,2026-02-20T20:35:10.000+0000
a03oB000000G3kdQAC,Unit 1170 - University District,001oB00000JcW4EQAV,a00oB000000mSNdQAM,2550,TRUE,1,Hardwood Floors;Fitness Center,,2026-02-20T20:35:10.000+0000,2026-02-20T20:35:10.000+0000
a03oB000000G3keQAC,Unit 1171 - Financial District,,a00oB000000mSNDQA2,4200,FALSE,2,Patio;Washer/Dryer;Fitness Center,,2026-02-20T20:35:10.000+0000,2026-02-20T20:35:10.000+0000
a03oB000000G3kfQAC,Unit 1172 - Mississippi Avenue,001oB00000JcW3dQAF,a00oB000000mSNNQA2,2400,TRUE,2,,,2026-02-20T20:35:10.000+0000,2026-02-20T20:35:10.000+0000
a03oB000000G3kgQAC,Unit 1173 - Madison Park,,a00oB000000mSNjQAM,2350,FALSE,1,Washer/Dryer,,2026-02-20T20:35:10.000+0000,2026-02-20T20:35:10.000+0000
a03oB000000G3khQAC,Unit 1174 - Financial District,001oB00000JcW0WQAV,a00oB000000mSNDQA2,5150,TRUE,3,Hardwood Floors;Fitness Center,,2026-02-20T20:35:10.000+0000,2026-02-20T20:35:10.000+0000
a03oB000000G3kiQAC,Unit 1175 - Irvington,,a00oB000000mSNTQA2,3000,FALSE,2,Patio;Washer/Dryer;Fitness Center,,2026-02-20T20:35:10.000+0000,2026-02-20T20:35:10.000+0000
a03oB000000G3kjQAC,Unit 1176 - Ballard,001oB00000JcW4BQAV,a00oB000000mSNaQAM,2200,TRUE,1,,,2026-02-20T20:35:10.000+0000,2026-02-20T20:35:10.000+0000
a03oB000000G3kkQAC,Unit 1177 - Financial District,,a00oB000000mSNDQA2,4950,FALSE,3,Washer/Dryer,,2026-02-20T20:35:10.000+0000,2026-02-20T20:35:10.000+0000
a03oB000000G3klQAC,Unit 1178 - Alberta Arts District,001oB00000JcVzcQAF,a00oB000000mSNKQA2,2750,TRUE,2,Hardwood Floors;Fitness Center,,2026-02-20T20:35:10.000+0000,2026-02-20T20:35:10.000+0000
a03oB000000G3kmQAC,Unit 1179 - Belltown,,a00oB000000mSNgQAM,2800,FALSE,1,Patio;Washer/Dryer;Fitness Center,,2026-02-20T20:35:10.000+0000,2026-02-20T20:35:10.000+0000
a03oB000000G3knQAC,Unit 1180 - Financial District,001oB00000JcW0ZQAV,a00oB000000mSNDQA2,2800,TRUE,1,,,2026-02-20T20:35:10.000+0000,2026-02-20T20:35:10.000+0000
a03oB000000G3koQAC,Unit 1181 - Sellwood,,a00oB000000mSNQQA2,2550,FALSE,2,Washer/Dryer,,2026-02-20T20:35:10.000+0000,2026-02-20T20:35:10.000+0000
a03oB000000G3kpQAC,Unit 1182 - West Seattle,001oB00000JcW48QAF,a00oB000000mSNmQAM,3250,TRUE,2,Hardwood Floors;Fitness Center,,2026-02-20T20:35:10.000+0000,2026-02-20T20:35:10.000+0000
a03oB000000G3kqQAC,Unit 1183 - Financial District,,a00oB000000mSNDQA2,3400,FALSE,1,Patio;Washer/Dryer;Fitness Center,,2026-02-20T20:35:10.000+0000,2026-02-20T20:35:10.000+0000
a03oB000000G3krQAC,Unit 1184 - Foster-Powell,001oB00000JcW1kQAF,a00oB000000mSNWQA2,3200,TRUE,3,,,2026-02-20T20:35:10.000+0000,2026-02-20T20:35:10.000+0000
a03oB000000G3ksQAC,Unit 1185 - University District,,a00oB000000mSNdQAM,3050,FALSE,2,Washer/Dryer,,2026-02-20T20:35:10.000+0000,2026-02-20T20:35:10.000+0000
a03oB000000G3ktQAC,Unit 1186 - Financial District,001oB00000JcW0cQAF,a00oB000000mSNDQA2,3150,TRUE,1,Hardwood Floors;Fitness Center,,2026-02-20T20:35:10.000+0000,2026-02-20T20:35:10.000+0000
a03oB000000G3kuQAC,Unit 1187 - Mississippi Avenue,,a00oB000000mSNNQA2,3800,FALSE,3,Patio;Washer/Dryer;Fitness Center,,2026-02-20T20:35:10.000+0000,2026-02-20T20:35:10.000+0000
a03oB000000G3kvQAC,Unit 1188 - Madison Park,001oB00000JcW45QAF,a00oB000000mSNjQAM,2900,TRUE,2,,,2026-02-20T20:35:10.000+0000,2026-02-20T20:35:10.000+0000
a03oB000000G3kwQAC,Unit 1189 - Financial District,,a00oB000000mSNDQA2,2950,FALSE,1,Washer/Dryer,,2026-02-20T20:35:10.000+0000,2026-02-20T20:35:10.000+0000
a03oB000000G3kxQAC,Unit 1190 - Irvington,001oB00000JcW3aQAF,a00oB000000mSNTQA2,2150,TRUE,1,Hardwood Floors;Fitness Center,,2026-02-20T20:35:10.000+0000,2026-02-20T20:35:10.000+0000
a03oB000000G3kyQAC,Unit 1191 - Ballard,,a00oB000000mSNaQAM,3500,FALSE,2,Patio;Washer/Dryer;Fitness Center,,2026-02-20T20:35:10.000+0000,2026-02-20T20:35:10.000+0000
a03oB000000G3kzQAC,Unit 1192 - Financial District,001oB00000JcW0fQAF,a00oB000000mSNDQA2,3600,TRUE,2,,,2026-02-20T20:35:10.000+0000,2026-02-20T20:35:10.000+0000
a03oB000000G3l0QAC,Unit 1193 - Alberta Arts District,,a00oB000000mSNKQA2,1950,FALSE,1,Washer/Dryer,,2026-02-20T20:35:10.000+0000,2026-02-20T20:35:10.000+0000
a03oB000000G3l1QAC,Unit 1194 - Belltown,001oB00000JcW42QAF,a00oB000000mSNgQAM,4150,TRUE,3,Hardwood Floors;Fitness Center,,2026-02-20T20:35:10.000+0000,2026-02-20T20:35:10.000+0000
a03oB000000G3l2QAC,Unit 1195 - Financial District,,a00oB000000mSNDQA2,4200,FALSE,2,Patio;Washer/Dryer;Fitness Center,,2026-02-20T20:35:10.000+0000,2026-02-20T20:35:10.000+0000
a03oB000000G3l3QAC,Unit 1196 - Sellwood,001oB00000JcW00QAF,a00oB000000mSNQQA2,1800,TRUE,1,,,2026-02-20T20:35:10.000+0000,2026-02-20T20:35:10.000+0000
a03oB000000G3l4QAC,Unit 1197 - West Seattle,,a00oB000000mSNmQAM,3950,FALSE,3,Washer/Dryer,,2026-02-20T20:35:10.000+0000,2026-02-20T20:35:10.000+0000
a03oB000000G3l5QAC,Unit 1198 - Financial District,001oB00000JcW0iQAF,a00oB000000mSNDQA2,3950,TRUE,2,Hardwood Floors;Fitness Center,,2026-02-20T20:35:10.000+0000,2026-02-20T20:35:10.000+0000
a03oB000000G3l6QAC,Unit 1199 - Foster-Powell,,a00oB000000mSNWQA2,2400,FALSE,1,Patio;Washer/Dryer;Fitness Center,,2026-02-20T20:35:10.000+0000,2026-02-20T20:35:10.000+0000
a03oB000000G3l7QAC,Unit 1200 - University District,001oB00000JcW3zQAF,a00oB000000mSNdQAM,2200,TRUE,1,,,2026-02-20T20:35:10.000+0000,2026-02-20T20:35:10.000+0000
a03oB000000G3l8QAC,Unit 1201 - Financial District,,a00oB000000mSNDQA2,3750,FALSE,2,Washer/Dryer,,2026-02-20T20:35:10.000+0000,2026-02-20T20:35:10.000+0000
a03oB000000G3l9QAC,Unit 1202 - Mississippi Avenue,001oB00000JcW1nQAF,a00oB000000mSNNQA2,2750,TRUE,2,Hardwood Floors;Fitness Center,,2026-02-20T20:35:10.000+0000,2026-02-20T20:35:10.000+0000
a03oB000000G3lAQAS,Unit 1203 - Madison Park,,a00oB000000mSNjQAM,2800,FALSE,1,Patio;Washer/Dryer;Fitness Center,,2026-02-20T20:35:10.000+0000,2026-02-20T20:35:10.000+0000
a03oB000000G3lBQAS,Unit 1204 - Financial District,001oB00000JcW0lQAF,a00oB000000mSNDQA2,4800,TRUE,3,,,2026-02-20T20:35:10.000+0000,2026-02-20T20:35:10.000+0000
a03oB000000G3lCQAS,Unit 1205 - Irvington,,a00oB000000mSNTQA2,2550,FALSE,2,Washer/Dryer,,2026-02-20T20:35:10.000+0000,2026-02-20T20:35:10.000+0000
a03oB000000G3lDQAS,Unit 1206 - Ballard,001oB00000JcW3wQAF,a00oB000000mSNaQAM,2550,TRUE,1,Hardwood Floors;Fitness Center,,2026-02-20T20:35:10.000+0000,2026-02-20T20:35:10.000+0000
a03oB000000G3lEQAS,Unit 1207 - Financial District,,a00oB000000mSNDQA2,5400,FALSE,3,Patio;Washer/Dryer;Fitness Center,,2026-02-20T20:35:10.000+0000,2026-02-20T20:35:10.000+0000
a03oB000000G3lFQAS,Unit 1208 - Alberta Arts District,001oB00000JcW3XQAV,a00oB000000mSNKQA2,2400,TRUE,2,,,2026-02-20T20:35:10.000+0000,2026-02-20T20:35:10.000+0000
a03oB000000G3lGQAS,Unit 1209 - Belltown,,a00oB000000mSNgQAM,2350,FALSE,1,Washer/Dryer,,2026-02-20T20:35:10.000+0000,2026-02-20T20:35:10.000+0000
a03oB000000G3lHQAS,Unit 1210 - Financial District,001oB00000JcW0oQAF,a00oB000000mSNDQA2,3150,TRUE,1,Hardwood Floors;Fitness Center,,2026-02-20T20:35:10.000+0000,2026-02-20T20:35:10.000+0000
a03oB000000G3lIQAS,Unit 1211 - Sellwood,,a00oB000000mSNQQA2,3000,FALSE,2,Patio;Washer/Dryer;Fitness Center,,2026-02-20T20:35:10.000+0000,2026-02-20T20:35:10.000+0000
a03oB000000G3lJQAS,Unit 1212 - West Seattle,001oB00000JcW3tQAF,a00oB000000mSNmQAM,2900,TRUE,2,,,2026-02-20T20:35:10.000+0000,2026-02-20T20:35:10.000+0000
a03oB000000G3lKQAS,Unit 1213 - Financial District,,a00oB000000mSNDQA2,2950,FALSE,1,Washer/Dryer,,2026-02-20T20:35:10.000+0000,2026-02-20T20:35:10.000+0000
a03oB000000G3lLQAS,Unit 1214 - Foster-Powell,001oB00000JcW0aQAF,a00oB000000mSNWQA2,3550,TRUE,3,Hardwood Floors;Fitness Center,,2026-02-20T20:35:10.000+0000,2026-02-20T20:35:10.000+0000
a03oB000000G3lMQAS,Unit 1215 - University District,,a00oB000000mSNdQAM,3500,FALSE,2,Patio;Washer/Dryer;Fitness Center,,2026-02-20T20:35:10.000+0000,2026-02-20T20:35:10.000+0000
a03oB000000G3lNQAS,Unit 1216 - Financial District,001oB00000JcW0rQAF,a00oB000000mSNDQA2,2800,TRUE,1,,,2026-02-20T20:35:10.000+0000,2026-02-20T20:35:10.000+0000
a03oB000000G3lOQAS,Unit 1217 - Mississippi Avenue,,a00oB000000mSNNQA2,3350,FALSE,3,Washer/Dryer,,2026-02-20T20:35:10.000+0000,2026-02-20T20:35:10.000+0000
a03oB000000G3lPQAS,Unit 1218 - Madison Park,001oB00000JcW3qQAF,a00oB000000mSNjQAM,3250,TRUE,2,Hardwood Floors;Fitness Center,,2026-02-20T20:35:10.000+0000,2026-02-20T20:35:10.000+0000
a03oB000000G3lQQAS,Unit 1219 - Financial District,,a00oB000000mSNDQA2,3400,FALSE,1,Patio;Washer/Dryer;Fitness Center,,2026-02-20T20:35:10.000+0000,2026-02-20T20:35:10.000+0000
a03oB000000G3lRQAS,Unit 1220 - Irvington,001oB00000JcW1qQAF,a00oB000000mSNTQA2,1800,TRUE,1,,,2026-02-20T20:35:10.000+0000,2026-02-20T20:35:10.000+0000
a03oB000000G3lSQAS,Unit 1221 - Ballard,,a00oB000000mSNaQAM,3050,FALSE,2,Washer/Dryer,,2026-02-20T20:35:10.000+0000,2026-02-20T20:35:10.000+0000
a03oB000000G3lTQAS,Unit 1222 - Financial District,001oB00000JcW0uQAF,a00oB000000mSNDQA2,3950,TRUE,2,Hardwood Floors;Fitness Center,,2026-02-20T20:35:10.000+0000,2026-02-20T20:35:10.000+0000
a03oB000000G3lUQAS,Unit 1223 - Alberta Arts District,,a00oB000000mSNKQA2,2400,FALSE,1,Patio;Washer/Dryer;Fitness Center,,2026-02-20T20:35:10.000+0000,2026-02-20T20:35:10.000+0000
a03oB000000G3lVQAS,Unit 1224 - Belltown,001oB00000JcW3nQAF,a00oB000000mSNgQAM,3800,TRUE,3,,,2026-02-20T20:35:10.000+0000,2026-02-20T20:35:10.000+0000
a03oB000000G3lWQAS,Unit 1225 - Financial District,,a00oB000000mSNDQA2,3750,FALSE,2,Washer/Dryer,,2026-02-20T20:35:10.000+0000,2026-02-20T20:35:10.000+0000
a03oB000000G3lXQAS,Unit 1226 - Sellwood,001oB00000JcW3UQAV,a00oB000000mSNQQA2,2150,TRUE,1,Hardwood Floors;Fitness Center,,2026-02-20T20:35:10.000+0000,2026-02-20T20:35:10.000+0000
a03oB000000G3lYQAS,Unit 1227 - West Seattle,,a00oB000000mSNmQAM,4400,FALSE,3,Patio;Washer/Dryer;Fitness Center,,2026-02-20T20:35:10.000+0000,2026-02-20T20:35:10.000+0000
a03oB000000G3lZQAS,Unit 1228 - Financial District,001oB00000JcW0xQAF,a00oB000000mSNDQA2,3600,TRUE,2,,,2026-02-20T20:35:10.000+0000,2026-02-20T20:35:10.000+0000
a03oB000000G3laQAC,Unit 1229 - Foster-Powell,,a00oB000000mSNWQA2,1950,FALSE,1,Washer/Dryer,,2026-02-20T20:35:10.000+0000,2026-02-20T20:35:10.000+0000
a03oB000000G3lbQAC,Unit 1230 - University District,001oB00000JcW3kQAF,a00oB000000mSNdQAM,2550,TRUE,1,Hardwood Floors;Fitness Center,,2026-02-20T20:35:10.000+0000,2026-02-20T20:35:10.000+0000
a03oB000000G3lcQAC,Unit 1231 - Financial District,,a00oB000000mSNDQA2,4200,FALSE,2,Patio;Washer/Dryer;Fitness Center,,2026-02-20T20:35:10.000+0000,2026-02-20T20:35:10.000+0000
a03oB000000G3ldQAC,Unit 1232 - Mississippi Avenue,001oB00000JcVzQQAV,a00oB000000mSNNQA2,2400,TRUE,2,,,2026-02-20T20:35:10.000+0000,2026-02-20T20:35:10.000+0000
a03oB000000G3leQAC,Unit 1233 - Madison Park,,a00oB000000mSNjQAM,2350,FALSE,1,Washer/Dryer,,2026-02-20T20:35:10.000+0000,2026-02-20T20:35:10.000+0000
a03oB000000G3lfQAC,Unit 1234 - Financial District,001oB00000JcW10QAF,a00oB000000mSNDQA2,5150,TRUE,3,Hardwood Floors;Fitness Center,,2026-02-20T20:35:10.000+0000,2026-02-20T20:35:10.000+0000
a03oB000000G3lgQAC,Unit 1235 - Irvington,,a00oB000000mSNTQA2,3000,FALSE,2,Patio;Washer/Dryer;Fitness Center,,2026-02-20T20:35:10.000+0000,2026-02-20T20:35:10.000+0000
a03oB000000G3lhQAC,Unit 1236 - Ballard,001oB00000JcW3hQAF,a00oB000000mSNaQAM,2200,TRUE,1,,,2026-02-20T20:35:10.000+0000,2026-02-20T20:35:10.000+0000
a03oB000000G3liQAC,Unit 1237 - Financial District,,a00oB000000mSNDQA2,4950,FALSE,3,Washer/Dryer,,2026-02-20T20:35:10.000+0000,2026-02-20T20:35:10.000+0000
a03oB000000G3ljQAC,Unit 1238 - Alberta Arts District,001oB00000JcW1tQAF,a00oB000000mSNKQA2,2750,TRUE,2,Hardwood Floors;Fitness Center,,2026-02-20T20:35:10.000+0000,2026-02-20T20:35:10.000+0000
a03oB000000G3lkQAC,Unit 1239 - Belltown,,a00oB000000mSNgQAM,2800,FALSE,1,Patio;Washer/Dryer;Fitness Center,,2026-02-20T20:35:10.000+0000,2026-02-20T20:35:10.000+0000
a03oB000000G3llQAC,Unit 1240 - Financial District,001oB00000JcW13QAF,a00oB000000mSNDQA2,2800,TRUE,1,,,2026-02-20T20:35:10.000+0000,2026-02-20T20:35:10.000+0000
a03oB000000G3lmQAC,Unit 1241 - Sellwood,,a00oB000000mSNQQA2,2550,FALSE,2,Washer/Dryer,,2026-02-20T20:35:10.000+0000,2026-02-20T20:35:10.000+0000
a03oB000000G3lnQAC,Unit 1242 - West Seattle,001oB00000JcW3eQAF,a00oB000000mSNmQAM,3250,TRUE,2,Hardwood Floors;Fitness Center,,2026-02-20T20:35:10.000+0000,2026-02-20T20:35:10.000+0000
a03oB000000G3loQAC,Unit 1243 - Financial District,,a00oB000000mSNDQA2,3400,FALSE,1,Patio;Washer/Dryer;Fitness Center,,2026-02-20T20:35:10.000+0000,2026-02-20T20:35:10.000+0000
a03oB000000G3lpQAC,Unit 1244 - Foster-Powell,001oB00000JcVzHQAV,a00oB000000mSNWQA2,3200,TRUE,3,,,2026-02-20T20:35:10.000+0000,2026-02-20T20:35:10.000+0000
a03oB000000G3lqQAC,Unit 1245 - University District,,a00oB000000mSNdQAM,3050,FALSE,2,Washer/Dryer,,2026-02-20T20:35:10.000+0000,2026-02-20T20:35:10.000+0000
a03oB000000G3lrQAC,Unit 1246 - Financial District,001oB00000JcW16QAF,a00oB000000mSNDQA2,3150,TRUE,1,Hardwood Floors;Fitness Center,,2026-02-20T20:35:10.000+0000,2026-02-20T20:35:10.000+0000
a03oB000000G3lsQAC,Unit 1247 - Mississippi Avenue,,a00oB000000mSNNQA2,3800,FALSE,3,Patio;Washer/Dryer;Fitness Center,,2026-02-20T20:35:10.000+0000,2026-02-20T20:35:10.000+0000
a03oB000000G3ltQAC,Unit 1248 - Madison Park,001oB00000JcW3bQAF,a00oB000000mSNjQAM,2900,TRUE,2,,,2026-02-20T20:35:10.000+0000,2026-02-20T20:35:10.000+0000
a03oB000000G3luQAC,Unit 1249 - Financial District,,a00oB000000mSNDQA2,2950,FALSE,1,Washer/Dryer,,2026-02-20T20:35:10.000+0000,2026-02-20T20:35:10.000+0000
a03oB000000G3lvQAC,Unit 1250 - Irvington,001oB00000JcW03QAF,a00oB000000mSNTQA2,2150,TRUE,1,Hardwood Floors;Fitness Center,,2026-02-20T20:35:10.000+0000,2026-02-20T20:35:10.000+0000
a03oB000000G3lwQAC,Unit 1251 - Ballard,,a00oB000000mSNaQAM,3500,FALSE,2,Patio;Washer/Dryer;Fitness Center,,2026-02-20T20:35:10.000+0000,2026-02-20T20:35:10.000+0000
a03oB000000G3lxQAC,Unit 1252 - Financial District,001oB00000JcW19QAF,a00oB000000mSNDQA2,3600,TRUE,2,,,2026-02-20T20:35:10.000+0000,2026-02-20T20:35:10.000+0000
a03oB000000G3lyQAC,Unit 1253 - Alberta Arts District,,a00oB000000mSNKQA2,1950,FALSE,1,Washer/Dryer,,2026-02-20T20:35:10.000+0000,2026-02-20T20:35:10.000+0000
a03oB000000G3lzQAC,Unit 1254 - Belltown,001oB00000JcW3YQAV,a00oB000000mSNgQAM,4150,TRUE,3,Hardwood Floors;Fitness Center,,2026-02-20T20:35:10.000+0000,2026-02-20T20:35:10.000+0000
a03oB000000G3m0QAC,Unit 1255 - Financial District,,a00oB000000mSNDQA2,4200,FALSE,2,Patio;Washer/Dryer;Fitness Center,,2026-02-20T20:35:10.000+0000,2026-02-20T20:35:10.000+0000
a03oB000000G3m1QAC,Unit 1256 - Sellwood,001oB00000JcW1wQAF,a00oB000000mSNQQA2,1800,TRUE,1,,,2026-02-20T20:35:10.000+0000,2026-02-20T20:35:10.000+0000
a03oB000000G3m2QAC,Unit 1257 - West Seattle,,a00oB000000mSNmQAM,3950,FALSE,3,Washer/Dryer,,2026-02-20T20:35:10.000+0000,2026-02-20T20:35:10.000+0000
a03oB000000G3m3QAC,Unit 1258 - Financial District,001oB00000JcW1CQAV,a00oB000000mSNDQA2,3950,TRUE,2,Hardwood Floors;Fitness Center,,2026-02-20T20:35:10.000+0000,2026-02-20T20:35:10.000+0000
a03oB000000G3m4QAC,Unit 1259 - Foster-Powell,,a00oB000000mSNWQA2,2400,FALSE,1,Patio;Washer/Dryer;Fitness Center,,2026-02-20T20:35:10.000+0000,2026-02-20T20:35:10.000+0000
a03oB000000G3m5QAC,Unit 1260 - University District,001oB00000JcW3VQAV,a00oB000000mSNdQAM,2200,TRUE,1,,,2026-02-20T20:35:10.000+0000,2026-02-20T20:35:10.000+0000
a03oB000000G3m6QAC,Unit 1261 - Financial District,,a00oB000000mSNDQA2,3750,FALSE,2,Washer/Dryer,,2026-02-20T20:35:10.000+0000,2026-02-20T20:35:10.000+0000
a03oB000000G3m7QAC,Unit 1262 - Mississippi Avenue,001oB00000JcW3RQAV,a00oB000000mSNNQA2,2750,TRUE,2,Hardwood Floors;Fitness Center,,2026-02-20T20:35:10.000+0000,2026-02-20T20:35:10.000+0000
a03oB000000G3m8QAC,Unit 1263 - Madison Park,,a00oB000000mSNjQAM,2800,FALSE,1,Patio;Washer/Dryer;Fitness Center,,2026-02-20T20:35:10.000+0000,2026-02-20T20:35:10.000+0000
a03oB000000G3m9QAC,Unit 1264 - Financial District,001oB00000JcW1FQAV,a00oB000000mSNDQA2,4800,TRUE,3,,,2026-02-20T20:35:10.000+0000,2026-02-20T20:35:10.000+0000
a03oB000000G3mAQAS,Unit 1265 - Irvington,,a00oB000000mSNTQA2,2550,FALSE,2,Washer/Dryer,,2026-02-20T20:35:10.000+0000,2026-02-20T20:35:10.000+0000
a03oB000000G3mBQAS,Unit 1266 - Ballard,001oB00000JcW3SQAV,a00oB000000mSNaQAM,2550,TRUE,1,Hardwood Floors;Fitness Center,,2026-02-20T20:35:10.000+0000,2026-02-20T20:35:10.000+0000
a03oB000000G3mCQAS,Unit 1267 - Financial District,,a00oB000000mSNDQA2,5400,FALSE,3,Patio;Washer/Dryer;Fitness Center,,2026-02-20T20:35:10.000+0000,2026-02-20T20:35:10.000+0000
a03oB000000G3mDQAS,Unit 1268 - Alberta Arts District,001oB00000JcW3OQAV,a00oB000000mSNKQA2,2400,TRUE,2,,,2026-02-20T20:35:10.000+0000,2026-02-20T20:35:10.000+0000
a03oB000000G3mEQAS,Unit 1269 - Belltown,,a00oB000000mSNgQAM,2350,FALSE,1,Washer/Dryer,,2026-02-20T20:35:10.000+0000,2026-02-20T20:35:10.000+0000
a03oB000000G3mFQAS,Unit 1270 - Financial District,001oB00000JcW1IQAV,a00oB000000mSNDQA2,3150,TRUE,1,Hardwood Floors;Fitness Center,,2026-02-20T20:35:10.000+0000,2026-02-20T20:35:10.000+0000
a03oB000000G3mGQAS,Unit 1271 - Sellwood,,a00oB000000mSNQQA2,3000,FALSE,2,Patio;Washer/Dryer;Fitness Center,,2026-02-20T20:35:10.000+0000,2026-02-20T20:35:10.000+0000
a03oB000000G3mHQAS,Unit 1272 - West Seattle,001oB00000JcW3PQAV,a00oB000000mSNmQAM,2900,TRUE,2,,,2026-02-20T20:35:10.000+0000,2026-02-20T20:35:10.000+0000
a03oB000000G3mIQAS,Unit 1273 - Financial District,,a00oB000000mSNDQA2,2950,FALSE,1,Washer/Dryer,,2026-02-20T20:35:10.000+0000,2026-02-20T20:35:10.000+0000
a03oB000000G3mJQAS,Unit 1274 - Foster-Powell,001oB00000JcW1zQAF,a00oB000000mSNWQA2,3550,TRUE,3,Hardwood Floors;Fitness Center,,2026-02-20T20:35:10.000+0000,2026-02-20T20:35:10.000+0000
a03oB000000G3mKQAS,Unit 1275 - University District,,a00oB000000mSNdQAM,3500,FALSE,2,Patio;Washer/Dryer;Fitness Center,,2026-02-20T20:35:10.000+0000,2026-02-20T20:35:10.000+0000
a03oB000000G3mLQAS,Unit 1276 - Financial District,001oB00000JcW1LQAV,a00oB000000mSNDQA2,2800,TRUE,1,,,2026-02-20T20:35:10.000+0000,2026-02-20T20:35:10.000+0000
a03oB000000G3mMQAS,Unit 1277 - Mississippi Avenue,,a00oB000000mSNNQA2,3350,FALSE,3,Washer/Dryer,,2026-02-20T20:35:10.000+0000,2026-02-20T20:35:10.000+0000
a03oB000000G3mNQAS,Unit 1278 - Madison Park,001oB00000JcW3MQAV,a00oB000000mSNjQAM,3250,TRUE,2,Hardwood Floors;Fitness Center,,2026-02-20T20:35:10.000+0000,2026-02-20T20:35:10.000+0000
a03oB000000G3mOQAS,Unit 1279 - Financial District,,a00oB000000mSNDQA2,3400,FALSE,1,Patio;Washer/Dryer;Fitness Center,,2026-02-20T20:35:10.000+0000,2026-02-20T20:35:10.000+0000
a03oB000000G3mPQAS,Unit 1280 - Irvington,001oB00000JcW0XQAV,a00oB000000mSNTQA2,1800,TRUE,1,,,2026-02-20T20:35:10.000+0000,2026-02-20T20:35:10.000+0000
a03oB000000G3mQQAS,Unit 1281 - Ballard,,a00oB000000mSNaQAM,3050,FALSE,2,Washer/Dryer,,2026-02-20T20:35:10.000+0000,2026-02-20T20:35:10.000+0000
a03oB000000G3mRQAS,Unit 1282 - Financial District,001oB00000JcW1OQAV,a00oB000000mSNDQA2,3950,TRUE,2,Hardwood Floors;Fitness Center,,2026-02-20T20:35:10.000+0000,2026-02-20T20:35:10.000+0000
a03oB000000G3mSQAS,Unit 1283 - Alberta Arts District,,a00oB000000mSNKQA2,2400,FALSE,1,Patio;Washer/Dryer;Fitness Center,,2026-02-20T20:35:10.000+0000,2026-02-20T20:35:10.000+0000
a03oB000000G3mTQAS,Unit 1284 - Belltown,001oB00000JcW3JQAV,a00oB000000mSNgQAM,3800,TRUE,3,,,2026-02-20T20:35:10.000+0000,2026-02-20T20:35:10.000+0000
a03oB000000G3mUQAS,Unit 1285 - Financial District,,a00oB000000mSNDQA2,3750,FALSE,2,Washer/Dryer,,2026-02-20T20:35:10.000+0000,2026-02-20T20:35:10.000+0000
a03oB000000G3mVQAS,Unit 1286 - Sellwood,001oB00000JcW3LQAV,a00oB000000mSNQQA2,2150,TRUE,1,Hardwood Floors;Fitness Center,,2026-02-20T20:35:10.000+0000,2026-02-20T20:35:10.000+0000
a03oB000000G3mWQAS,Unit 1287 - West Seattle,,a00oB000000mSNmQAM,4400,FALSE,3,Patio;Washer/Dryer;Fitness Center,,2026-02-20T20:35:10.000+0000,2026-02-20T20:35:10.000+0000
a03oB000000G3mXQAS,Unit 1288 - Financial District,001oB00000JcW1RQAV,a00oB000000mSNDQA2,3600,TRUE,2,,,2026-02-20T20:35:10.000+0000,2026-02-20T20:35:10.000+0000
a03oB000000G3mYQAS,Unit 1289 - Foster-Powell,,a00oB000000mSNWQA2,1950,FALSE,1,Washer/Dryer,,2026-02-20T20:35:10.000+0000,2026-02-20T20:35:10.000+0000
a03oB000000G3mZQAS,Unit 1290 - University District,001oB00000JcW3GQAV,a00oB000000mSNdQAM,2550,TRUE,1,Hardwood Floors;Fitness Center,,2026-02-20T20:35:10.000+0000,2026-02-20T20:35:10.000+0000
a03oB000000G3maQAC,Unit 1291 - Financial District,,a00oB000000mSNDQA2,4200,FALSE,2,Patio;Washer/Dryer;Fitness Center,,2026-02-20T20:35:10.000+0000,2026-02-20T20:35:10.000+0000
a03oB000000G3mbQAC,Unit 1292 - Mississippi Avenue,001oB00000JcW22QAF,a00oB000000mSNNQA2,2400,TRUE,2,,,2026-02-20T20:35:10.000+0000,2026-02-20T20:35:10.000+0000
a03oB000000G3mcQAC,Unit 1293 - Madison Park,,a00oB000000mSNjQAM,2350,FALSE,1,Washer/Dryer,,2026-02-20T20:35:10.000+0000,2026-02-20T20:35:10.000+0000
a03oB000000G3mdQAC,Unit 1294 - Financial District,001oB00000JcW1UQAV,a00oB000000mSNDQA2,5150,TRUE,3,Hardwood Floors;Fitness Center,,2026-02-20T20:35:10.000+0000,2026-02-20T20:35:10.000+0000
a03oB000000G3meQAC,Unit 1295 - Irvington,,a00oB000000mSNTQA2,3000,FALSE,2,Patio;Washer/Dryer;Fitness Center,,2026-02-20T20:35:10.000+0000,2026-02-20T20:35:10.000+0000
a03oB000000G3mfQAC,Unit 1296 - Ballard,001oB00000JcW3DQAV,a00oB000000mSNaQAM,2200,TRUE,1,,,2026-02-20T20:35:10.000+0000,2026-02-20T20:35:10.000+0000
a03oB000000G3mgQAC,Unit 1297 - Financial District,,a00oB000000mSNDQA2,4950,FALSE,3,Washer/Dryer,,2026-02-20T20:35:10.000+0000,2026-02-20T20:35:10.000+0000
a03oB000000G3mhQAC,Unit 1298 - Alberta Arts District,001oB00000JcW3IQAV,a00oB000000mSNKQA2,2750,TRUE,2,Hardwood Floors;Fitness Center,,2026-02-20T20:35:10.000+0000,2026-02-20T20:35:10.000+0000
a03oB000000G3miQAC,Unit 1299 - Belltown,,a00oB000000mSNgQAM,2800,FALSE,1,Patio;Washer/Dryer;Fitness Center,,2026-02-20T20:35:10.000+0000,2026-02-20T20:35:10.000+0000
a03oB000000G3mjQAC,Unit 1300 - Financial District,001oB00000JcW1XQAV,a00oB000000mSNDQA2,2800,TRUE,1,,,2026-02-20T20:35:10.000+0000,2026-02-20T20:35:10.000+0000
a03oB000000G3mkQAC,Unit 1301 - Sellwood,,a00oB000000mSNQQA2,2550,FALSE,2,Washer/Dryer,,2026-02-20T20:35:10.000+0000,2026-02-20T20:35:10.000+0000
a03oB000000G3mlQAC,Unit 1302 - West Seattle,001oB00000JcW3AQAV,a00oB000000mSNmQAM,3250,TRUE,2,Hardwood Floors;Fitness Center,,2026-02-20T20:35:10.000+0000,2026-02-20T20:35:10.000+0000
a03oB000000G3mmQAC,Unit 1303 - Financial District,,a00oB000000mSNDQA2,3400,FALSE,1,Patio;Washer/Dryer;Fitness Center,,2026-02-20T20:35:10.000+0000,2026-02-20T20:35:10.000+0000
a03oB000000G3mnQAC,Unit 1304 - Foster-Powell,001oB00000JcW06QAF,a00oB000000mSNWQA2,3200,TRUE,3,,,2026-02-20T20:35:10.000+0000,2026-02-20T20:35:10.000+0000
a03oB000000G3moQAC,Unit 1305 - University District,,a00oB000000mSNdQAM,3050,FALSE,2,Washer/Dryer,,2026-02-20T20:35:10.000+0000,2026-02-20T20:35:10.000+0000
a03oB000000G3mpQAC,Unit 1306 - Financial District,001oB00000JcW1aQAF,a00oB000000mSNDQA2,3150,TRUE,1,Hardwood Floors;Fitness Center,,2026-02-20T20:35:10.000+0000,2026-02-20T20:35:10.000+0000
a03oB000000G3mqQAC,Unit 1307 - Mississippi Avenue,,a00oB000000mSNNQA2,3800,FALSE,3,Patio;Washer/Dryer;Fitness Center,,2026-02-20T20:35:10.000+0000,2026-02-20T20:35:10.000+0000
a03oB000000G3mrQAC,Unit 1308 - Madison Park,001oB00000JcW37QAF,a00oB000000mSNjQAM,2900,TRUE,2,,,2026-02-20T20:35:10.000+0000,2026-02-20T20:35:10.000+0000
a03oB000000G3msQAC,Unit 1309 - Financial District,,a00oB000000mSNDQA2,2950,FALSE,1,Washer/Dryer,,2026-02-20T20:35:10.000+0000,2026-02-20T20:35:10.000+0000
a03oB000000G3mtQAC,Unit 1310 - Irvington,001oB00000JcW25QAF,a00oB000000mSNTQA2,2150,TRUE,1,Hardwood Floors;Fitness Center,,2026-02-20T20:35:10.000+0000,2026-02-20T20:35:10.000+0000
a03oB000000G3muQAC,Unit 1311 - Ballard,,a00oB000000mSNaQAM,3500,FALSE,2,Patio;Washer/Dryer;Fitness Center,,2026-02-20T20:35:10.000+0000,2026-02-20T20:35:10.000+0000
a03oB000000G3mvQAC,Unit 1312 - Financial District,001oB00000JcW1dQAF,a00oB000000mSNDQA2,3600,TRUE,2,,,2026-02-20T20:35:10.000+0000,2026-02-20T20:35:10.000+0000
a03oB000000G3mwQAC,Unit 1313 - Alberta Arts District,,a00oB000000mSNKQA2,1950,FALSE,1,Washer/Dryer,,2026-02-20T20:35:10.000+0000,2026-02-20T20:35:10.000+0000
a03oB000000G3mxQAC,Unit 1314 - Belltown,001oB00000JcW34QAF,a00oB000000mSNgQAM,4150,TRUE,3,Hardwood Floors;Fitness Center,,2026-02-20T20:35:10.000+0000,2026-02-20T20:35:10.000+0000
a03oB000000G3myQAC,Unit 1315 - Financial District,,a00oB000000mSNDQA2,4200,FALSE,2,Patio;Washer/Dryer;Fitness Center,,2026-02-20T20:35:10.000+0000,2026-02-20T20:35:10.000+0000
a03oB000000G3mzQAC,Unit 1316 - Sellwood,001oB00000JcW3FQAV,a00oB000000mSNQQA2,1800,TRUE,1,,,2026-02-20T20:35:10.000+0000,2026-02-20T20:35:10.000+0000
a03oB000000G3n0QAC,Unit 1317 - West Seattle,,a00oB000000mSNmQAM,3950,FALSE,3,Washer/Dryer,,2026-02-20T20:35:10.000+0000,2026-02-20T20:35:10.000+0000
a03oB000000G3n1QAC,Unit 1318 - Financial District,001oB00000JcW1gQAF,a00oB000000mSNDQA2,3950,TRUE,2,Hardwood Floors;Fitness Center,,2026-02-20T20:35:10.000+0000,2026-02-20T20:35:10.000+0000
a03oB000000G3n2QAC,Unit 1319 - Foster-Powell,,a00oB000000mSNWQA2,2400,FALSE,1,Patio;Washer/Dryer;Fitness Center,,2026-02-20T20:35:10.000+0000,2026-02-20T20:35:10.000+0000
a03oB000000G3n3QAC,Unit 1320 - University District,001oB00000JcW31QAF,a00oB000000mSNdQAM,2200,TRUE,1,,,2026-02-20T20:35:10.000+0000,2026-02-20T20:35:10.000+0000
a03oB000000G3n4QAC,Unit 1321 - Financial District,,a00oB000000mSNDQA2,3750,FALSE,2,Washer/Dryer,,2026-02-20T20:35:10.000+0000,2026-02-20T20:35:10.000+0000
a03oB000000G3n5QAC,Unit 1322 - Mississippi Avenue,001oB00000JcW0UQAV,a00oB000000mSNNQA2,2750,TRUE,2,Hardwood Floors;Fitness Center,,2026-02-20T20:35:10.000+0000,2026-02-20T20:35:10.000+0000
a03oB000000G3n6QAC,Unit 1323 - Madison Park,,a00oB000000mSNjQAM,2800,FALSE,1,Patio;Washer/Dryer;Fitness Center,,2026-02-20T20:35:10.000+0000,2026-02-20T20:35:10.000+0000
a03oB000000G3n7QAC,Unit 1324 - Financial District,001oB00000JcW1jQAF,a00oB000000mSNDQA2,4800,TRUE,3,,,2026-02-20T20:35:10.000+0000,2026-02-20T20:35:10.000+0000
a03oB000000G3n8QAC,Unit 1325 - Irvington,,a00oB000000mSNTQA2,2550,FALSE,2,Washer/Dryer,,2026-02-20T20:35:10.000+0000,2026-02-20T20:35:10.000+0000
a03oB000000G3n9QAC,Unit 1326 - Ballard,001oB00000JcW2yQAF,a00oB000000mSNaQAM,2550,TRUE,1,Hardwood Floors;Fitness Center,,2026-02-20T20:35:10.000+0000,2026-02-20T20:35:10.000+0000
a03oB000000G3nAQAS,Unit 1327 - Financial District,,a00oB000000mSNDQA2,5400,FALSE,3,Patio;Washer/Dryer;Fitness Center,,2026-02-20T20:35:10.000+0000,2026-02-20T20:35:10.000+0000
a03oB000000G3nBQAS,Unit 1328 - Alberta Arts District,001oB00000JcW28QAF,a00oB000000mSNKQA2,2400,TRUE,2,,,2026-02-20T20:35:10.000+0000,2026-02-20T20:35:10.000+0000
a03oB000000G3nCQAS,Unit 1329 - Belltown,,a00oB000000mSNgQAM,2350,FALSE,1,Washer/Dryer,,2026-02-20T20:35:10.000+0000,2026-02-20T20:35:10.000+0000
a03oB000000G3nDQAS,Unit 1330 - Financial District,001oB00000JcW1mQAF,a00oB000000mSNDQA2,3150,TRUE,1,Hardwood Floors;Fitness Center,,2026-02-20T20:35:10.000+0000,2026-02-20T20:35:10.000+0000
a03oB000000G3nEQAS,Unit 1331 - Sellwood,,a00oB000000mSNQQA2,3000,FALSE,2,Patio;Washer/Dryer;Fitness Center,,2026-02-20T20:35:10.000+0000,2026-02-20T20:35:10.000+0000
a03oB000000G3nFQAS,Unit 1332 - West Seattle,001oB00000JcW2vQAF,a00oB000000mSNmQAM,2900,TRUE,2,,,2026-02-20T20:35:10.000+0000,2026-02-20T20:35:10.000+0000
a03oB000000G3nGQAS,Unit 1333 - Financial District,,a00oB000000mSNDQA2,2950,FALSE,1,Washer/Dryer,,2026-02-20T20:35:10.000+0000,2026-02-20T20:35:10.000+0000
a03oB000000G3nHQAS,Unit 1334 - Foster-Powell,001oB00000JcW3CQAV,a00oB000000mSNWQA2,3550,TRUE,3,Hardwood Floors;Fitness Center,,2026-02-20T20:35:10.000+0000,2026-02-20T20:35:10.000+0000
a03oB000000G3nIQAS,Unit 1335 - University District,,a00oB000000mSNdQAM,3500,FALSE,2,Patio;Washer/Dryer;Fitness Center,,2026-02-20T20:35:10.000+0000,2026-02-20T20:35:10.000+0000
a03oB000000G3nJQAS,Unit 1336 - Financial District,001oB00000JcW1pQAF,a00oB000000mSNDQA2,2800,TRUE,1,,,2026-02-20T20:35:10.000+0000,2026-02-20T20:35:10.000+0000
a03oB000000G3nKQAS,Unit 1337 - Mississippi Avenue,,a00oB000000mSNNQA2,3350,FALSE,3,Washer/Dryer,,2026-02-20T20:35:10.000+0000,2026-02-20T20:35:10.000+0000
a03oB000000G3nLQAS,Unit 1338 - Madison Park,001oB00000JcW2sQAF,a00oB000000mSNjQAM,3250,TRUE,2,Hardwood Floors;Fitness Center,,2026-02-20T20:35:10.000+0000,2026-02-20T20:35:10.000+0000
a03oB000000G3nMQAS,Unit 1339 - Financial District,,a00oB000000mSNDQA2,3400,FALSE,1,Patio;Washer/Dryer;Fitness Center,,2026-02-20T20:35:10.000+0000,2026-02-20T20:35:10.000+0000
a03oB000000G3nNQAS,Unit 1340 - Irvington,001oB00000JcVzEQAV,a00oB000000mSNTQA2,1800,TRUE,1,,,2026-02-20T20:35:10.000+0000,2026-02-20T20:35:10.000+0000
a03oB000000G3nOQAS,Unit 1341 - Ballard,,a00oB000000mSNaQAM,3050,FALSE,2,Washer/Dryer,,2026-02-20T20:35:10.000+0000,2026-02-20T20:35:10.000+0000
a03oB000000G3nPQAS,Unit 1342 - Financial District,001oB00000JcW1sQAF,a00oB000000mSNDQA2,3950,TRUE,2,Hardwood Floors;Fitness Center,,2026-02-20T20:35:10.000+0000,2026-02-20T20:35:10.000+0000
a03oB000000G3nQQAS,Unit 1343 - Alberta Arts District,,a00oB000000mSNKQA2,2400,FALSE,1,Patio;Washer/Dryer;Fitness Center,,2026-02-20T20:35:10.000+0000,2026-02-20T20:35:10.000+0000
a03oB000000G3nRQAS,Unit 1344 - Belltown,001oB00000JcW2pQAF,a00oB000000mSNgQAM,3800,TRUE,3,,,2026-02-20T20:35:10.000+0000,2026-02-20T20:35:10.000+0000
a03oB000000G3nSQAS,Unit 1345 - Financial District,,a00oB000000mSNDQA2,3750,FALSE,2,Washer/Dryer,,2026-02-20T20:35:10.000+0000,2026-02-20T20:35:10.000+0000
a03oB000000G3nTQAS,Unit 1346 - Sellwood,001oB00000JcW2BQAV,a00oB000000mSNQQA2,2150,TRUE,1,Hardwood Floors;Fitness Center,,2026-02-20T20:35:10.000+0000,2026-02-20T20:35:10.000+0000
a03oB000000G3nUQAS,Unit 1347 - West Seattle,,a00oB000000mSNmQAM,4400,FALSE,3,Patio;Washer/Dryer;Fitness Center,,2026-02-20T20:35:10.000+0000,2026-02-20T20:35:10.000+0000
a03oB000000G3nVQAS,Unit 1348 - Financial District,001oB00000JcW1vQAF,a00oB000000mSNDQA2,3600,TRUE,2,,,2026-02-20T20:35:10.000+0000,2026-02-20T20:35:10.000+0000
a03oB000000G3nWQAS,Unit 1349 - Foster-Powell,,a00oB000000mSNWQA2,1950,FALSE,1,Washer/Dryer,,2026-02-20T20:35:10.000+0000,2026-02-20T20:35:10.000+0000
a03oB000000G3nXQAS,Unit 1350 - University District,001oB00000JcW2mQAF,a00oB000000mSNdQAM,2550,TRUE,1,Hardwood Floors;Fitness Center,,2026-02-20T20:35:10.000+0000,2026-02-20T20:35:10.000+0000
a03oB000000G3nYQAS,Unit 1351 - Financial District,,a00oB000000mSNDQA2,4200,FALSE,2,Patio;Washer/Dryer;Fitness Center,,2026-02-20T20:35:10.000+0000,2026-02-20T20:35:10.000+0000
a03oB000000G3nZQAS,Unit 1352 - Mississippi Avenue,001oB00000JcVzZQAV,a00oB000000mSNNQA2,2400,TRUE,2,,,2026-02-20T20:35:10.000+0000,2026-02-20T20:35:10.000+0000
a03oB000000G3naQAC,Unit 1353 - Madison Park,,a00oB000000mSNjQAM,2350,FALSE,1,Washer/Dryer,,2026-02-20T20:35:10.000+0000,2026-02-20T20:35:10.000+0000
a03oB000000G3nbQAC,Unit 1354 - Financial District,001oB00000JcW1yQAF,a00oB000000mSNDQA2,5150,TRUE,3,Hardwood Floors;Fitness Center,,2026-02-20T20:35:10.000+0000,2026-02-20T20:35:10.000+0000
a03oB000000G3ncQAC,Unit 1355 - Irvington,,a00oB000000mSNTQA2,3000,FALSE,2,Patio;Washer/Dryer;Fitness Center,,2026-02-20T20:35:10.000+0000,2026-02-20T20:35:10.000+0000
a03oB000000G3ndQAC,Unit 1356 - Ballard,001oB00000JcW2jQAF,a00oB000000mSNaQAM,2200,TRUE,1,,,2026-02-20T20:35:10.000+0000,2026-02-20T20:35:10.000+0000
a03oB000000G3neQAC,Unit 1357 - Financial District,,a00oB000000mSNDQA2,4950,FALSE,3,Washer/Dryer,,2026-02-20T20:35:10.000+0000,2026-02-20T20:35:10.000+0000
a03oB000000G3nfQAC,Unit 1358 - Alberta Arts District,001oB00000JcW09QAF,a00oB000000mSNKQA2,2750,TRUE,2,Hardwood Floors;Fitness Center,,2026-02-20T20:35:10.000+0000,2026-02-20T20:35:10.000+0000
a03oB000000G3ngQAC,Unit 1359 - Belltown,,a00oB000000mSNgQAM,2800,FALSE,1,Patio;Washer/Dryer;Fitness Center,,2026-02-20T20:35:10.000+0000,2026-02-20T20:35:10.000+0000
a03oB000000G3nhQAC,Unit 1360 - Financial District,001oB00000JcW21QAF,a00oB000000mSNDQA2,2800,TRUE,1,,,2026-02-20T20:35:10.000+0000,2026-02-20T20:35:10.000+0000
a03oB000000G3niQAC,Unit 1361 - Sellwood,,a00oB000000mSNQQA2,2550,FALSE,2,Washer/Dryer,,2026-02-20T20:35:10.000+0000,2026-02-20T20:35:10.000+0000
a03oB000000G3njQAC,Unit 1362 - West Seattle,001oB00000JcW2gQAF,a00oB000000mSNmQAM,3250,TRUE,2,Hardwood Floors;Fitness Center,,2026-02-20T20:35:10.000+0000,2026-02-20T20:35:10.000+0000
a03oB000000G3nkQAC,Unit 1363 - Financial District,,a00oB000000mSNDQA2,3400,FALSE,1,Patio;Washer/Dryer;Fitness Center,,2026-02-20T20:35:10.000+0000,2026-02-20T20:35:10.000+0000
a03oB000000G3nlQAC,Unit 1364 - Foster-Powell,001oB00000JcW2EQAV,a00oB000000mSNWQA2,3200,TRUE,3,,,2026-02-20T20:35:10.000+0000,2026-02-20T20:35:10.000+0000
a03oB000000G3nmQAC,Unit 1365 - University District,,a00oB000000mSNdQAM,3050,FALSE,2,Washer/Dryer,,2026-02-20T20:35:10.000+0000,2026-02-20T20:35:10.000+0000
a03oB000000G3nnQAC,Unit 1366 - Financial District,001oB00000JcW24QAF,a00oB000000mSNDQA2,3150,TRUE,1,Hardwood Floors;Fitness Center,,2026-02-20T20:35:10.000+0000,2026-02-20T20:35:10.000+0000
a03oB000000G3noQAC,Unit 1367 - Mississippi Avenue,,a00oB000000mSNNQA2,3800,FALSE,3,Patio;Washer/Dryer;Fitness Center,,2026-02-20T20:35:10.000+0000,2026-02-20T20:35:10.000+0000
a03oB000000G3npQAC,Unit 1368 - Madison Park,001oB00000JcW2dQAF,a00oB000000mSNjQAM,2900,TRUE,2,,,2026-02-20T20:35:10.000+0000,2026-02-20T20:35:10.000+0000
a03oB000000G3nqQAC,Unit 1369 - Financial District,,a00oB000000mSNDQA2,2950,FALSE,1,Washer/Dryer,,2026-02-20T20:35:10.000+0000,2026-02-20T20:35:10.000+0000
a03oB000000G3nrQAC,Unit 1370 - Irvington,001oB00000JcW39QAF,a00oB000000mSNTQA2,2150,TRUE,1,Hardwood Floors;Fitness Center,,2026-02-20T20:35:10.000+0000,2026-02-20T20:35:10.000+0000
a03oB000000G3nsQAC,Unit 1371 - Ballard,,a00oB000000mSNaQAM,3500,FALSE,2,Patio;Washer/Dryer;Fitness Center,,2026-02-20T20:35:10.000+0000,2026-02-20T20:35:10.000+0000
a03oB000000G3ntQAC,Unit 1372 - Financial District,001oB00000JcW27QAF,a00oB000000mSNDQA2,3600,TRUE,2,,,2026-02-20T20:35:10.000+0000,2026-02-20T20:35:10.000+0000
a03oB000000G3nuQAC,Unit 1373 - Alberta Arts District,,a00oB000000mSNKQA2,1950,FALSE,1,Washer/Dryer,,2026-02-20T20:35:10.000+0000,2026-02-20T20:35:10.000+0000
a03oB000000G3nvQAC,Unit 1374 - Belltown,001oB00000JcW2aQAF,a00oB000000mSNgQAM,4150,TRUE,3,Hardwood Floors;Fitness Center,,2026-02-20T20:35:10.000+0000,2026-02-20T20:35:10.000+0000
a03oB000000G3nwQAC,Unit 1375 - Financial District,,a00oB000000mSNDQA2,4200,FALSE,2,Patio;Washer/Dryer;Fitness Center,,2026-02-20T20:35:10.000+0000,2026-02-20T20:35:10.000+0000
a03oB000000G3nxQAC,Unit 1376 - Sellwood,001oB00000JcW36QAF,a00oB000000mSNQQA2,1800,TRUE,1,,,2026-02-20T20:35:10.000+0000,2026-02-20T20:35:10.000+0000
a03oB000000G3nyQAC,Unit 1377 - West Seattle,,a00oB000000mSNmQAM,3950,FALSE,3,Washer/Dryer,,2026-02-20T20:35:10.000+0000,2026-02-20T20:35:10.000+0000
a03oB000000G3nzQAC,Unit 1378 - Financial District,001oB00000JcW2AQAV,a00oB000000mSNDQA2,3950,TRUE,2,Hardwood Floors;Fitness Center,,2026-02-20T20:35:10.000+0000,2026-02-20T20:35:10.000+0000
a03oB000000G3o0QAC,Unit 1379 - Foster-Powell,,a00oB000000mSNWQA2,2400,FALSE,1,Patio;Washer/Dryer;Fitness Center,,2026-02-20T20:35:10.000+0000,2026-02-20T20:35:10.000+0000
a03oB000000G3o1QAC,Unit 1380 - University District,001oB00000JcW2XQAV,a00oB000000mSNdQAM,2200,TRUE,1,,,2026-02-20T20:35:10.000+0000,2026-02-20T20:35:10.000+0000
a03oB000000G3o2QAC,Unit 1381 - Financial District,,a00oB000000mSNDQA2,3750,FALSE,2,Washer/Dryer,,2026-02-20T20:35:10.000+0000,2026-02-20T20:35:10.000+0000
a03oB000000G3o3QAC,Unit 1382 - Mississippi Avenue,001oB00000JcW2HQAV,a00oB000000mSNNQA2,2750,TRUE,2,Hardwood Floors;Fitness Center,,2026-02-20T20:35:10.000+0000,2026-02-20T20:35:10.000+0000
a03oB000000G3o4QAC,Unit 1383 - Madison Park,,a00oB000000mSNjQAM,2800,FALSE,1,Patio;Washer/Dryer;Fitness Center,,2026-02-20T20:35:10.000+0000,2026-02-20T20:35:10.000+0000
a03oB000000G3o5QAC,Unit 1384 - Financial District,001oB00000JcW2DQAV,a00oB000000mSNDQA2,4800,TRUE,3,,,2026-02-20T20:35:10.000+0000,2026-02-20T20:35:10.000+0000
a03oB000000G3o6QAC,Unit 1385 - Irvington,,a00oB000000mSNTQA2,2550,FALSE,2,Washer/Dryer,,2026-02-20T20:35:10.000+0000,2026-02-20T20:35:10.000+0000
a03oB000000G3o7QAC,Unit 1386 - Ballard,001oB00000JcW2UQAV,a00oB000000mSNaQAM,2550,TRUE,1,Hardwood Floors;Fitness Center,,2026-02-20T20:35:10.000+0000,2026-02-20T20:35:10.000+0000
a03oB000000G3o8QAC,Unit 1387 - Financial District,,a00oB000000mSNDQA2,5400,FALSE,3,Patio;Washer/Dryer;Fitness Center,,2026-02-20T20:35:10.000+0000,2026-02-20T20:35:10.000+0000
a03oB000000G3o9QAC,Unit 1388 - Alberta Arts District,001oB00000JcW0RQAV,a00oB000000mSNKQA2,2400,TRUE,2,,,2026-02-20T20:35:10.000+0000,2026-02-20T20:35:10.000+0000
a03oB000000G3oAQAS,Unit 1389 - Belltown,,a00oB000000mSNgQAM,2350,FALSE,1,Washer/Dryer,,2026-02-20T20:35:10.000+0000,2026-02-20T20:35:10.000+0000
a03oB000000G3oBQAS,Unit 1390 - Financial District,001oB00000JcW2GQAV,a00oB000000mSNDQA2,3150,TRUE,1,Hardwood Floors;Fitness Center,,2026-02-20T20:35:10.000+0000,2026-02-20T20:35:10.000+0000
a03oB000000G3oCQAS,Unit 1391 - Sellwood,,a00oB000000mSNQQA2,3000,FALSE,2,Patio;Washer/Dryer;Fitness Center,,2026-02-20T20:35:10.000+0000,2026-02-20T20:35:10.000+0000
a03oB000000G3oDQAS,Unit 1392 - West Seattle,001oB00000JcW2RQAV,a00oB000000mSNmQAM,2900,TRUE,2,,,2026-02-20T20:35:10.000+0000,2026-02-20T20:35:10.000+0000
a03oB000000G3oEQAS,Unit 1393 - Financial District,,a00oB000000mSNDQA2,2950,FALSE,1,Washer/Dryer,,2026-02-20T20:35:10.000+0000,2026-02-20T20:35:10.000+0000
a03oB000000G3oFQAS,Unit 1394 - Foster-Powell,001oB00000JcVzTQAV,a00oB000000mSNWQA2,3550,TRUE,3,Hardwood Floors;Fitness Center,,2026-02-20T20:35:10.000+0000,2026-02-20T20:35:10.000+0000
a03oB000000G3oGQAS,Unit 1395 - University District,,a00oB000000mSNdQAM,3500,FALSE,2,Patio;Washer/Dryer;Fitness Center,,2026-02-20T20:35:10.000+0000,2026-02-20T20:35:10.000+0000
a03oB000000G3oHQAS,Unit 1396 - Financial District,001oB00000JcW2JQAV,a00oB000000mSNDQA2,2800,TRUE,1,,,2026-02-20T20:35:10.000+0000,2026-02-20T20:35:10.000+0000
a03oB000000G3oIQAS,Unit 1397 - Mississippi Avenue,,a00oB000000mSNNQA2,3350,FALSE,3,Washer/Dryer,,2026-02-20T20:35:10.000+0000,2026-02-20T20:35:10.000+0000
a03oB000000G3oJQAS,Unit 1398 - Madison Park,001oB00000JcW2OQAV,a00oB000000mSNjQAM,3250,TRUE,2,Hardwood Floors;Fitness Center,,2026-02-20T20:35:10.000+0000,2026-02-20T20:35:10.000+0000
a03oB000000G3oKQAS,Unit 1399 - Financial District,,a00oB000000mSNDQA2,3400,FALSE,1,Patio;Washer/Dryer;Fitness Center,,2026-02-20T20:35:10.000+0000,2026-02-20T20:35:10.000+0000
a03oB000000G3oLQAS,Unit 1400 - Irvington,001oB00000JcW2KQAV,a00oB000000mSNTQA2,1800,TRUE,1,,,2026-02-20T20:35:10.000+0000,2026-02-20T20:35:10.000+0000
a03oB000000G3oMQAS,Unit 1401 - Ballard,,a00oB000000mSNaQAM,3050,FALSE,2,Washer/Dryer,,2026-02-20T20:35:10.000+0000,2026-02-20T20:35:10.000+0000
a03oB000000G3oNQAS,Unit 1402 - Financial District,001oB00000JcW2MQAV,a00oB000000mSNDQA2,3950,TRUE,2,Hardwood Floors;Fitness Center,,2026-02-20T20:35:10.000+0000,2026-02-20T20:35:10.000+0000
a03oB000000G3oOQAS,Unit 1403 - Alberta Arts District,,a00oB000000mSNKQA2,2400,FALSE,1,Patio;Washer/Dryer;Fitness Center,,2026-02-20T20:35:10.000+0000,2026-02-20T20:35:10.000+0000
a03oB000000G3oPQAS,Unit 1404 - Belltown,001oB00000JcW2IQAV,a00oB000000mSNgQAM,3800,TRUE,3,,,2026-02-20T20:35:10.000+0000,2026-02-20T20:35:10.000+0000
a03oB000000G3oQQAS,Unit 1405 - Financial District,,a00oB000000mSNDQA2,3750,FALSE,2,Washer/Dryer,,2026-02-20T20:35:10.000+0000,2026-02-20T20:35:10.000+0000
a03oB000000G3oRQAS,Unit 1406 - Sellwood,001oB00000JcW0pQAF,a00oB000000mSNQQA2,2150,TRUE,1,Hardwood Floors;Fitness Center,,2026-02-20T20:35:10.000+0000,2026-02-20T20:35:10.000+0000
a03oB000000G3oSQAS,Unit 1407 - West Seattle,,a00oB000000mSNmQAM,4400,FALSE,3,Patio;Washer/Dryer;Fitness Center,,2026-02-20T20:35:10.000+0000,2026-02-20T20:35:10.000+0000
a03oB000000G3oTQAS,Unit 1408 - Financial District,001oB00000JcW2PQAV,a00oB000000mSNDQA2,3600,TRUE,2,,,2026-02-20T20:35:10.000+0000,2026-02-20T20:35:10.000+0000
a03oB000000G3oUQAS,Unit 1409 - Foster-Powell,,a00oB000000mSNWQA2,1950,FALSE,1,Washer/Dryer,,2026-02-20T20:35:10.000+0000,2026-02-20T20:35:10.000+0000
a03oB000000G3oVQAS,Unit 1410 - University District,001oB00000JcW2FQAV,a00oB000000mSNdQAM,2550,TRUE,1,Hardwood Floors;Fitness Center,,2026-02-20T20:35:10.000+0000,2026-02-20T20:35:10.000+0000
a03oB000000G3oWQAS,Unit 1411 - Financial District,,a00oB000000mSNDQA2,4200,FALSE,2,Patio;Washer/Dryer;Fitness Center,,2026-02-20T20:35:10.000+0000,2026-02-20T20:35:10.000+0000
a03oB000000G3oXQAS,Unit 1412 - Mississippi Avenue,001oB00000JcW0CQAV,a00oB000000mSNNQA2,2400,TRUE,2,,,2026-02-20T20:35:10.000+0000,2026-02-20T20:35:10.000+0000
a03oB000000G3oYQAS,Unit 1413 - Madison Park,,a00oB000000mSNjQAM,2350,FALSE,1,Washer/Dryer,,2026-02-20T20:35:10.000+0000,2026-02-20T20:35:10.000+0000
a03oB000000G3oZQAS,Unit 1414 - Financial District,001oB00000JcW2SQAV,a00oB000000mSNDQA2,5150,TRUE,3,Hardwood Floors;Fitness Center,,2026-02-20T20:35:10.000+0000,2026-02-20T20:35:10.000+0000
a03oB000000G3oaQAC,Unit 1415 - Irvington,,a00oB000000mSNTQA2,3000,FALSE,2,Patio;Washer/Dryer;Fitness Center,,2026-02-20T20:35:10.000+0000,2026-02-20T20:35:10.000+0000
a03oB000000G3obQAC,Unit 1416 - Ballard,001oB00000JcW2CQAV,a00oB000000mSNaQAM,2200,TRUE,1,,,2026-02-20T20:35:10.000+0000,2026-02-20T20:35:10.000+0000
a03oB000000G3ocQAC,Unit 1417 - Financial District,,a00oB000000mSNDQA2,4950,FALSE,3,Washer/Dryer,,2026-02-20T20:35:10.000+0000,2026-02-20T20:35:10.000+0000
a03oB000000G3odQAC,Unit 1418 - Alberta Arts District,001oB00000JcW2NQAV,a00oB000000mSNKQA2,2750,TRUE,2,Hardwood Floors;Fitness Center,,2026-02-20T20:35:10.000+0000,2026-02-20T20:35:10.000+0000
a03oB000000G3oeQAC,Unit 1419 - Belltown,,a00oB000000mSNgQAM,2800,FALSE,1,Patio;Washer/Dryer;Fitness Center,,2026-02-20T20:35:10.000+0000,2026-02-20T20:35:10.000+0000
a03oB000000G3ofQAC,Unit 1420 - Financial District,001oB00000JcW2VQAV,a00oB000000mSNDQA2,2800,TRUE,1,,,2026-02-20T20:35:10.000+0000,2026-02-20T20:35:10.000+0000
a03oB000000G3ogQAC,Unit 1421 - Sellwood,,a00oB000000mSNQQA2,2550,FALSE,2,Washer/Dryer,,2026-02-20T20:35:10.000+0000,2026-02-20T20:35:10.000+0000
a03oB000000G3ohQAC,Unit 1422 - West Seattle,001oB00000JcW29QAF,a00oB000000mSNmQAM,3250,TRUE,2,Hardwood Floors;Fitness Center,,2026-02-20T20:35:10.000+0000,2026-02-20T20:35:10.000+0000
a03oB000000G3oiQAC,Unit 1423 - Financial District,,a00oB000000mSNDQA2,3400,FALSE,1,Patio;Washer/Dryer;Fitness Center,,2026-02-20T20:35:10.000+0000,2026-02-20T20:35:10.000+0000
a03oB000000G3ojQAC,Unit 1424 - Foster-Powell,001oB00000JcW5EQAV,a00oB000000mSNWQA2,3200,TRUE,3,,,2026-02-20T20:35:10.000+0000,2026-02-20T20:35:10.000+0000
a03oB000000G3okQAC,Unit 1425 - University District,,a00oB000000mSNdQAM,3050,FALSE,2,Washer/Dryer,,2026-02-20T20:35:10.000+0000,2026-02-20T20:35:10.000+0000
a03oB000000G3olQAC,Unit 1426 - Financial District,001oB00000JcW2YQAV,a00oB000000mSNDQA2,3150,TRUE,1,Hardwood Floors;Fitness Center,,2026-02-20T20:35:10.000+0000,2026-02-20T20:35:10.000+0000
a03oB000000G3omQAC,Unit 1427 - Mississippi Avenue,,a00oB000000mSNNQA2,3800,FALSE,3,Patio;Washer/Dryer;Fitness Center,,2026-02-20T20:35:10.000+0000,2026-02-20T20:35:10.000+0000
a03oB000000G3onQAC,Unit 1428 - Madison Park,001oB00000JcW26QAF,a00oB000000mSNjQAM,2900,TRUE,2,,,2026-02-20T20:35:10.000+0000,2026-02-20T20:35:10.000+0000
a03oB000000G3ooQAC,Unit 1429 - Financial District,,a00oB000000mSNDQA2,2950,FALSE,1,Washer/Dryer,,2026-02-20T20:35:10.000+0000,2026-02-20T20:35:10.000+0000
a03oB000000G3opQAC,Unit 1430 - Irvington,001oB00000JcW33QAF,a00oB000000mSNTQA2,2150,TRUE,1,Hardwood Floors;Fitness Center,,2026-02-20T20:35:10.000+0000,2026-02-20T20:35:10.000+0000
a03oB000000G3oqQAC,Unit 1431 - Ballard,,a00oB000000mSNaQAM,3500,FALSE,2,Patio;Washer/Dryer;Fitness Center,,2026-02-20T20:35:10.000+0000,2026-02-20T20:35:10.000+0000
a03oB000000G3orQAC,Unit 1432 - Financial District,001oB00000JcW2bQAF,a00oB000000mSNDQA2,3600,TRUE,2,,,2026-02-20T20:35:10.000+0000,2026-02-20T20:35:10.000+0000
a03oB000000G3osQAC,Unit 1433 - Alberta Arts District,,a00oB000000mSNKQA2,1950,FALSE,1,Washer/Dryer,,2026-02-20T20:35:10.000+0000,2026-02-20T20:35:10.000+0000
a03oB000000G3otQAC,Unit 1434 - Belltown,001oB00000JcW23QAF,a00oB000000mSNgQAM,4150,TRUE,3,Hardwood Floors;Fitness Center,,2026-02-20T20:35:10.000+0000,2026-02-20T20:35:10.000+0000
a03oB000000G3ouQAC,Unit 1435 - Financial District,,a00oB000000mSNDQA2,4200,FALSE,2,Patio;Washer/Dryer;Fitness Center,,2026-02-20T20:35:10.000+0000,2026-02-20T20:35:10.000+0000
a03oB000000G3ovQAC,Unit 1436 - Sellwood,001oB00000JcW2QQAV,a00oB000000mSNQQA2,1800,TRUE,1,,,2026-02-20T20:35:10.000+0000,2026-02-20T20:35:10.000+0000
a03oB000000G3owQAC,Unit 1437 - West Seattle,,a00oB000000mSNmQAM,3950,FALSE,3,Washer/Dryer,,2026-02-20T20:35:10.000+0000,2026-02-20T20:35:10.000+0000
a03oB000000G3oxQAC,Unit 1438 - Financial District,001oB00000JcW2eQAF,a00oB000000mSNDQA2,3950,TRUE,2,Hardwood Floors;Fitness Center,,2026-02-20T20:35:10.000+0000,2026-02-20T20:35:10.000+0000
a03oB000000G3oyQAC,Unit 1439 - Foster-Powell,,a00oB000000mSNWQA2,2400,FALSE,1,Patio;Washer/Dryer;Fitness Center,,2026-02-20T20:35:10.000+0000,2026-02-20T20:35:10.000+0000
a03oB000000G3ozQAC,Unit 1440 - University District,001oB00000JcW20QAF,a00oB000000mSNdQAM,2200,TRUE,1,,,2026-02-20T20:35:10.000+0000,2026-02-20T20:35:10.000+0000
a03oB000000G3p0QAC,Unit 1441 - Financial District,,a00oB000000mSNDQA2,3750,FALSE,2,Washer/Dryer,,2026-02-20T20:35:10.000+0000,2026-02-20T20:35:10.000+0000
a03oB000000G3p1QAC,Unit 1442 - Mississippi Avenue,001oB00000JcW4kQAF,a00oB000000mSNNQA2,2750,TRUE,2,Hardwood Floors;Fitness Center,,2026-02-20T20:35:10.000+0000,2026-02-20T20:35:10.000+0000
a03oB000000G3p2QAC,Unit 1443 - Madison Park,,a00oB000000mSNjQAM,2800,FALSE,1,Patio;Washer/Dryer;Fitness Center,,2026-02-20T20:35:10.000+0000,2026-02-20T20:35:10.000+0000
a03oB000000G3p3QAC,Unit 1444 - Financial District,001oB00000JcW2hQAF,a00oB000000mSNDQA2,4800,TRUE,3,,,2026-02-20T20:35:10.000+0000,2026-02-20T20:35:10.000+0000
a03oB000000G3p4QAC,Unit 1445 - Irvington,,a00oB000000mSNTQA2,2550,FALSE,2,Washer/Dryer,,2026-02-20T20:35:10.000+0000,2026-02-20T20:35:10.000+0000
a03oB000000G3p5QAC,Unit 1446 - Ballard,001oB00000JcW1xQAF,a00oB000000mSNaQAM,2550,TRUE,1,Hardwood Floors;Fitness Center,,2026-02-20T20:35:10.000+0000,2026-02-20T20:35:10.000+0000
a03oB000000G3p6QAC,Unit 1447 - Financial District,,a00oB000000mSNDQA2,5400,FALSE,3,Patio;Washer/Dryer;Fitness Center,,2026-02-20T20:35:10.000+0000,2026-02-20T20:35:10.000+0000
a03oB000000G3p7QAC,Unit 1448 - Alberta Arts District,001oB00000JcVz8QAF,a00oB000000mSNKQA2,2400,TRUE,2,,,2026-02-20T20:35:10.000+0000,2026-02-20T20:35:10.000+0000
a03oB000000G3p8QAC,Unit 1449 - Belltown,,a00oB000000mSNgQAM,2350,FALSE,1,Washer/Dryer,,2026-02-20T20:35:10.000+0000,2026-02-20T20:35:10.000+0000
a03oB000000G3p9QAC,Unit 1450 - Financial District,001oB00000JcW2kQAF,a00oB000000mSNDQA2,3150,TRUE,1,Hardwood Floors;Fitness Center,,2026-02-20T20:35:10.000+0000,2026-02-20T20:35:10.000+0000
a03oB000000G3pAQAS,Unit 1451 - Sellwood,,a00oB000000mSNQQA2,3000,FALSE,2,Patio;Washer/Dryer;Fitness Center,,2026-02-20T20:35:10.000+0000,2026-02-20T20:35:10.000+0000
a03oB000000G3pBQAS,Unit 1452 - West Seattle,001oB00000JcW1uQAF,a00oB000000mSNmQAM,2900,TRUE,2,,,2026-02-20T20:35:10.000+0000,2026-02-20T20:35:10.000+0000
a03oB000000G3pCQAS,Unit 1453 - Financial District,,a00oB000000mSNDQA2,2950,FALSE,1,Washer/Dryer,,2026-02-20T20:35:10.000+0000,2026-02-20T20:35:10.000+0000
a03oB000000G3pDQAS,Unit 1454 - Foster-Powell,001oB00000JcW2TQAV,a00oB000000mSNWQA2,3550,TRUE,3,Hardwood Floors;Fitness Center,,2026-02-20T20:35:10.000+0000,2026-02-20T20:35:10.000+0000
a03oB000000G3pEQAS,Unit 1455 - University District,,a00oB000000mSNdQAM,3500,FALSE,2,Patio;Washer/Dryer;Fitness Center,,2026-02-20T20:35:10.000+0000,2026-02-20T20:35:10.000+0000
a03oB000000G3pFQAS,Unit 1456 - Financial District,001oB00000JcW2nQAF,a00oB000000mSNDQA2,2800,TRUE,1,,,2026-02-20T20:35:10.000+0000,2026-02-20T20:35:10.000+0000
a03oB000000G3pGQAS,Unit 1457 - Mississippi Avenue,,a00oB000000mSNNQA2,3350,FALSE,3,Washer/Dryer,,2026-02-20T20:35:10.000+0000,2026-02-20T20:35:10.000+0000
a03oB000000G3pHQAS,Unit 1458 - Madison Park,001oB00000JcW1rQAF,a00oB000000mSNjQAM,3250,TRUE,2,Hardwood Floors;Fitness Center,,2026-02-20T20:35:10.000+0000,2026-02-20T20:35:10.000+0000
a03oB000000G3pIQAS,Unit 1459 - Financial District,,a00oB000000mSNDQA2,3400,FALSE,1,Patio;Washer/Dryer;Fitness Center,,2026-02-20T20:35:10.000+0000,2026-02-20T20:35:10.000+0000
a03oB000000G3pJQAS,Unit 1460 - Irvington,001oB00000JcW1AQAV,a00oB000000mSNTQA2,1800,TRUE,1,,,2026-02-20T20:35:10.000+0000,2026-02-20T20:35:10.000+0000
a03oB000000G3pKQAS,Unit 1461 - Ballard,,a00oB000000mSNaQAM,3050,FALSE,2,Washer/Dryer,,2026-02-20T20:35:10.000+0000,2026-02-20T20:35:10.000+0000
a03oB000000G3pLQAS,Unit 1462 - Financial District,001oB00000JcW2qQAF,a00oB000000mSNDQA2,3950,TRUE,2,Hardwood Floors;Fitness Center,,2026-02-20T20:35:10.000+0000,2026-02-20T20:35:10.000+0000
a03oB000000G3pMQAS,Unit 1463 - Alberta Arts District,,a00oB000000mSNKQA2,2400,FALSE,1,Patio;Washer/Dryer;Fitness Center,,2026-02-20T20:35:10.000+0000,2026-02-20T20:35:10.000+0000
a03oB000000G3pNQAS,Unit 1464 - Belltown,001oB00000JcW1oQAF,a00oB000000mSNgQAM,3800,TRUE,3,,,2026-02-20T20:35:10.000+0000,2026-02-20T20:35:10.000+0000
a03oB000000G3pOQAS,Unit 1465 - Financial District,,a00oB000000mSNDQA2,3750,FALSE,2,Washer/Dryer,,2026-02-20T20:35:10.000+0000,2026-02-20T20:35:10.000+0000
a03oB000000G3pPQAS,Unit 1466 - Sellwood,001oB00000JcW0FQAV,a00oB000000mSNQQA2,2150,TRUE,1,Hardwood Floors;Fitness Center,,2026-02-20T20:35:10.000+0000,2026-02-20T20:35:10.000+0000
a03oB000000G3pQQAS,Unit 1467 - West Seattle,,a00oB000000mSNmQAM,4400,FALSE,3,Patio;Washer/Dryer;Fitness Center,,2026-02-20T20:35:10.000+0000,2026-02-20T20:35:10.000+0000
a03oB000000G3pRQAS,Unit 1468 - Financial District,001oB00000JcW2tQAF,a00oB000000mSNDQA2,3600,TRUE,2,,,2026-02-20T20:35:10.000+0000,2026-02-20T20:35:10.000+0000
a03oB000000G3pSQAS,Unit 1469 - Foster-Powell,,a00oB000000mSNWQA2,1950,FALSE,1,Washer/Dryer,,2026-02-20T20:35:10.000+0000,2026-02-20T20:35:10.000+0000
a03oB000000G3pTQAS,Unit 1470 - University District,001oB00000JcW1lQAF,a00oB000000mSNdQAM,2550,TRUE,1,Hardwood Floors;Fitness Center,,2026-02-20T20:35:10.000+0000,2026-02-20T20:35:10.000+0000
a03oB000000G3pUQAS,Unit 1471 - Financial District,,a00oB000000mSNDQA2,4200,FALSE,2,Patio;Washer/Dryer;Fitness Center,,2026-02-20T20:35:10.000+0000,2026-02-20T20:35:10.000+0000
a03oB000000G3pVQAS,Unit 1472 - Mississippi Avenue,001oB00000JcW2WQAV,a00oB000000mSNNQA2,2400,TRUE,2,,,2026-02-20T20:35:10.000+0000,2026-02-20T20:35:10.000+0000
a03oB000000G3pWQAS,Unit 1473 - Madison Park,,a00oB000000mSNjQAM,2350,FALSE,1,Washer/Dryer,,2026-02-20T20:35:10.000+0000,2026-02-20T20:35:10.000+0000
a03oB000000G3pXQAS,Unit 1474 - Financial District,001oB00000JcW2wQAF,a00oB000000mSNDQA2,5150,TRUE,3,Hardwood Floors;Fitness Center,,2026-02-20T20:35:10.000+0000,2026-02-20T20:35:10.000+0000
a03oB000000G3pYQAS,Unit 1475 - Irvington,,a00oB000000mSNTQA2,3000,FALSE,2,Patio;Washer/Dryer;Fitness Center,,2026-02-20T20:35:10.000+0000,2026-02-20T20:35:10.000+0000
a03oB000000G3pZQAS,Unit 1476 - Ballard,001oB00000JcW1iQAF,a00oB000000mSNaQAM,2200,TRUE,1,,,2026-02-20T20:35:10.000+0000,2026-02-20T20:35:10.000+0000
a03oB000000G3paQAC,Unit 1477 - Financial District,,a00oB000000mSNDQA2,4950,FALSE,3,Washer/Dryer,,2026-02-20T20:35:10.000+0000,2026-02-20T20:35:10.000+0000
a03oB000000G3pbQAC,Unit 1478 - Alberta Arts District,001oB00000JcW5HQAV,a00oB000000mSNKQA2,2750,TRUE,2,Hardwood Floors;Fitness Center,,2026-02-20T20:35:10.000+0000,2026-02-20T20:35:10.000+0000
a03oB000000G3pcQAC,Unit 1479 - Belltown,,a00oB000000mSNgQAM,2800,FALSE,1,Patio;Washer/Dryer;Fitness Center,,2026-02-20T20:35:10.000+0000,2026-02-20T20:35:10.000+0000
a03oB000000G3pdQAC,Unit 1480 - Financial District,001oB00000JcW2zQAF,a00oB000000mSNDQA2,2800,TRUE,1,,,2026-02-20T20:35:10.000+0000,2026-02-20T20:35:10.000+0000
a03oB000000G3peQAC,Unit 1481 - Sellwood,,a00oB000000mSNQQA2,2550,FALSE,2,Washer/Dryer,,2026-02-20T20:35:10.000+0000,2026-02-20T20:35:10.000+0000
a03oB000000G3pfQAC,Unit 1482 - West Seattle,001oB00000JcW1fQAF,a00oB000000mSNmQAM,3250,TRUE,2,Hardwood Floors;Fitness Center,,2026-02-20T20:35:10.000+0000,2026-02-20T20:35:10.000+0000
a03oB000000G3pgQAC,Unit 1483 - Financial District,,a00oB000000mSNDQA2,3400,FALSE,1,Patio;Washer/Dryer;Fitness Center,,2026-02-20T20:35:10.000+0000,2026-02-20T20:35:10.000+0000
a03oB000000G3phQAC,Unit 1484 - Foster-Powell,001oB00000JcW30QAF,a00oB000000mSNWQA2,3200,TRUE,3,,,2026-02-20T20:35:10.000+0000,2026-02-20T20:35:10.000+0000
a03oB000000G3piQAC,Unit 1485 - University District,,a00oB000000mSNdQAM,3050,FALSE,2,Washer/Dryer,,2026-02-20T20:35:10.000+0000,2026-02-20T20:35:10.000+0000
a03oB000000G3pjQAC,Unit 1486 - Financial District,001oB00000JcW32QAF,a00oB000000mSNDQA2,3150,TRUE,1,Hardwood Floors;Fitness Center,,2026-02-20T20:35:10.000+0000,2026-02-20T20:35:10.000+0000
a03oB000000G3pkQAC,Unit 1487 - Mississippi Avenue,,a00oB000000mSNNQA2,3800,FALSE,3,Patio;Washer/Dryer;Fitness Center,,2026-02-20T20:35:10.000+0000,2026-02-20T20:35:10.000+0000
a03oB000000G3plQAC,Unit 1488 - Madison Park,001oB00000JcW1cQAF,a00oB000000mSNjQAM,2900,TRUE,2,,,2026-02-20T20:35:10.000+0000,2026-02-20T20:35:10.000+0000
a03oB000000G3pmQAC,Unit 1489 - Financial District,,a00oB000000mSNDQA2,2950,FALSE,1,Washer/Dryer,,2026-02-20T20:35:10.000+0000,2026-02-20T20:35:10.000+0000
a03oB000000G3pnQAC,Unit 1490 - Irvington,001oB00000JcW2ZQAV,a00oB000000mSNTQA2,2150,TRUE,1,Hardwood Floors;Fitness Center,,2026-02-20T20:35:10.000+0000,2026-02-20T20:35:10.000+0000
a03oB000000G3poQAC,Unit 1491 - Ballard,,a00oB000000mSNaQAM,3500,FALSE,2,Patio;Washer/Dryer;Fitness Center,,2026-02-20T20:35:10.000+0000,2026-02-20T20:35:10.000+0000
a03oB000000G3ppQAC,Unit 1492 - Financial District,001oB00000JcW35QAF,a00oB000000mSNDQA2,3600,TRUE,2,,,2026-02-20T20:35:10.000+0000,2026-02-20T20:35:10.000+0000
a03oB000000G3pqQAC,Unit 1493 - Alberta Arts District,,a00oB000000mSNKQA2,1950,FALSE,1,Washer/Dryer,,2026-02-20T20:35:10.000+0000,2026-02-20T20:35:10.000+0000
a03oB000000G3prQAC,Unit 1494 - Belltown,001oB00000JcW1ZQAV,a00oB000000mSNgQAM,4150,TRUE,3,Hardwood Floors;Fitness Center,,2026-02-20T20:35:10.000+0000,2026-02-20T20:35:10.000+0000
a03oB000000G3psQAC,Unit 1495 - Financial District,,a00oB000000mSNDQA2,4200,FALSE,2,Patio;Washer/Dryer;Fitness Center,,2026-02-20T20:35:10.000+0000,2026-02-20T20:35:10.000+0000
a03oB000000G3ptQAC,Unit 1496 - Sellwood,001oB00000JcW4SQAV,a00oB000000mSNQQA2,1800,TRUE,1,,,2026-02-20T20:35:10.000+0000,2026-02-20T20:35:10.000+0000
a03oB000000G3puQAC,Unit 1497 - West Seattle,,a00oB000000mSNmQAM,3950,FALSE,3,Washer/Dryer,,2026-02-20T20:35:10.000+0000,2026-02-20T20:35:10.000+0000
a03oB000000G3pvQAC,Unit 1498 - Financial District,001oB00000JcW38QAF,a00oB000000mSNDQA2,3950,TRUE,2,Hardwood Floors;Fitness Center,,2026-02-20T20:35:10.000+0000,2026-02-20T20:35:10.000+0000
a03oB000000G3pwQAC,Unit 1499 - Foster-Powell,,a00oB000000mSNWQA2,2400,FALSE,1,Patio;Washer/Dryer;Fitness Center,,2026-02-20T20:35:10.000+0000,2026-02-20T20:35:10.000+0000
a03oB000000G3pxQAC,Unit 1500 - University District,001oB00000JcW1WQAV,a00oB000000mSNdQAM,2200,TRUE,1,,,2026-02-20T20:35:10.000+0000,2026-02-20T20:35:10.000+0000
a03oB000000G3pyQAC,Unit 1501 - Financial District,,a00oB000000mSNDQA2,3750,FALSE,2,Washer/Dryer,,2026-02-20T20:35:10.000+0000,2026-02-20T20:35:10.000+0000
a03oB000000G3pzQAC,Unit 1502 - Mississippi Avenue,001oB00000JcW2xQAF,a00oB000000mSNNQA2,2750,TRUE,2,Hardwood Floors;Fitness Center,,2026-02-20T20:35:10.000+0000,2026-02-20T20:35:10.000+0000
a03oB000000G3q0QAC,Unit 1503 - Madison Park,,a00oB000000mSNjQAM,2800,FALSE,1,Patio;Washer/Dryer;Fitness Center,,2026-02-20T20:35:10.000+0000,2026-02-20T20:35:10.000+0000
a03oB000000G3q1QAC,Unit 1504 - Financial District,001oB00000JcW3BQAV,a00oB000000mSNDQA2,4800,TRUE,3,,,2026-02-20T20:35:10.000+0000,2026-02-20T20:35:10.000+0000
a03oB000000G3q2QAC,Unit 1505 - Irvington,,a00oB000000mSNTQA2,2550,FALSE,2,Washer/Dryer,,2026-02-20T20:35:10.000+0000,2026-02-20T20:35:10.000+0000
a03oB000000G3q3QAC,Unit 1506 - Ballard,001oB00000JcW1TQAV,a00oB000000mSNaQAM,2550,TRUE,1,Hardwood Floors;Fitness Center,,2026-02-20T20:35:10.000+0000,2026-02-20T20:35:10.000+0000
a03oB000000G3q4QAC,Unit 1507 - Financial District,,a00oB000000mSNDQA2,5400,FALSE,3,Patio;Washer/Dryer;Fitness Center,,2026-02-20T20:35:10.000+0000,2026-02-20T20:35:10.000+0000
a03oB000000G3q5QAC,Unit 1508 - Alberta Arts District,001oB00000JcW2cQAF,a00oB000000mSNKQA2,2400,TRUE,2,,,2026-02-20T20:35:10.000+0000,2026-02-20T20:35:10.000+0000
a03oB000000G3q6QAC,Unit 1509 - Belltown,,a00oB000000mSNgQAM,2350,FALSE,1,Washer/Dryer,,2026-02-20T20:35:10.000+0000,2026-02-20T20:35:10.000+0000
a03oB000000G3q7QAC,Unit 1510 - Financial District,001oB00000JcW3EQAV,a00oB000000mSNDQA2,3150,TRUE,1,Hardwood Floors;Fitness Center,,2026-02-20T20:35:10.000+0000,2026-02-20T20:35:10.000+0000
a03oB000000G3q8QAC,Unit 1511 - Sellwood,,a00oB000000mSNQQA2,3000,FALSE,2,Patio;Washer/Dryer;Fitness Center,,2026-02-20T20:35:10.000+0000,2026-02-20T20:35:10.000+0000
a03oB000000G3q9QAC,Unit 1512 - West Seattle,001oB00000JcW1QQAV,a00oB000000mSNmQAM,2900,TRUE,2,,,2026-02-20T20:35:10.000+0000,2026-02-20T20:35:10.000+0000
a03oB000000G3qAQAS,Unit 1513 - Financial District,,a00oB000000mSNDQA2,2950,FALSE,1,Washer/Dryer,,2026-02-20T20:35:10.000+0000,2026-02-20T20:35:10.000+0000
a03oB000000G3qBQAS,Unit 1514 - Foster-Powell,001oB00000JcW4DQAV,a00oB000000mSNWQA2,3550,TRUE,3,Hardwood Floors;Fitness Center,,2026-02-20T20:35:10.000+0000,2026-02-20T20:35:10.000+0000
a03oB000000G3qCQAS,Unit 1515 - University District,,a00oB000000mSNdQAM,3500,FALSE,2,Patio;Washer/Dryer;Fitness Center,,2026-02-20T20:35:10.000+0000,2026-02-20T20:35:10.000+0000
a03oB000000G3qDQAS,Unit 1516 - Financial District,001oB00000JcW3HQAV,a00oB000000mSNDQA2,2800,TRUE,1,,,2026-02-20T20:35:10.000+0000,2026-02-20T20:35:10.000+0000
a03oB000000G3qEQAS,Unit 1517 - Mississippi Avenue,,a00oB000000mSNNQA2,3350,FALSE,3,Washer/Dryer,,2026-02-20T20:35:10.000+0000,2026-02-20T20:35:10.000+0000
a03oB000000G3qFQAS,Unit 1518 - Madison Park,001oB00000JcW1NQAV,a00oB000000mSNjQAM,3250,TRUE,2,Hardwood Floors;Fitness Center,,2026-02-20T20:35:10.000+0000,2026-02-20T20:35:10.000+0000
a03oB000000G3qGQAS,Unit 1519 - Financial District,,a00oB000000mSNDQA2,3400,FALSE,1,Patio;Washer/Dryer;Fitness Center,,2026-02-20T20:35:10.000+0000,2026-02-20T20:35:10.000+0000
a03oB000000G3qHQAS,Unit 1520 - Irvington,001oB00000JcW0IQAV,a00oB000000mSNTQA2,1800,TRUE,1,,,2026-02-20T20:35:10.000+0000,2026-02-20T20:35:10.000+0000
a03oB000000G3qIQAS,Unit 1521 - Ballard,,a00oB000000mSNaQAM,3050,FALSE,2,Washer/Dryer,,2026-02-20T20:35:10.000+0000,2026-02-20T20:35:10.000+0000
a03oB000000G3qJQAS,Unit 1522 - Financial District,001oB00000JcW3KQAV,a00oB000000mSNDQA2,3950,TRUE,2,Hardwood Floors;Fitness Center,,2026-02-20T20:35:10.000+0000,2026-02-20T20:35:10.000+0000
a03oB000000G3qKQAS,Unit 1523 - Alberta Arts District,,a00oB000000mSNKQA2,2400,FALSE,1,Patio;Washer/Dryer;Fitness Center,,2026-02-20T20:35:10.000+0000,2026-02-20T20:35:10.000+0000
a03oB000000G3qLQAS,Unit 1524 - Belltown,001oB00000JcW1KQAV,a00oB000000mSNgQAM,3800,TRUE,3,,,2026-02-20T20:35:10.000+0000,2026-02-20T20:35:10.000+0000
a03oB000000G3qMQAS,Unit 1525 - Financial District,,a00oB000000mSNDQA2,3750,FALSE,2,Washer/Dryer,,2026-02-20T20:35:10.000+0000,2026-02-20T20:35:10.000+0000
a03oB000000G3qNQAS,Unit 1526 - Sellwood,001oB00000JcW2fQAF,a00oB000000mSNQQA2,2150,TRUE,1,Hardwood Floors;Fitness Center,,2026-02-20T20:35:10.000+0000,2026-02-20T20:35:10.000+0000
a03oB000000G3qOQAS,Unit 1527 - West Seattle,,a00oB000000mSNmQAM,4400,FALSE,3,Patio;Washer/Dryer;Fitness Center,,2026-02-20T20:35:10.000+0000,2026-02-20T20:35:10.000+0000
a03oB000000G3qPQAS,Unit 1528 - Financial District,001oB00000JcW3NQAV,a00oB000000mSNDQA2,3600,TRUE,2,,,2026-02-20T20:35:10.000+0000,2026-02-20T20:35:10.000+0000
a03oB000000G3qQQAS,Unit 1529 - Foster-Powell,,a00oB000000mSNWQA2,1950,FALSE,1,Washer/Dryer,,2026-02-20T20:35:10.000+0000,2026-02-20T20:35:10.000+0000
a03oB000000G3qRQAS,Unit 1530 - University District,001oB00000JcW1HQAV,a00oB000000mSNdQAM,2550,TRUE,1,Hardwood Floors;Fitness Center,,2026-02-20T20:35:10.000+0000,2026-02-20T20:35:10.000+0000
a03oB000000G3qSQAS,Unit 1531 - Financial District,,a00oB000000mSNDQA2,4200,FALSE,2,Patio;Washer/Dryer;Fitness Center,,2026-02-20T20:35:10.000+0000,2026-02-20T20:35:10.000+0000
a03oB000000G3qTQAS,Unit 1532 - Mississippi Avenue,001oB00000JcW5KQAV,a00oB000000mSNNQA2,2400,TRUE,2,,,2026-02-20T20:35:10.000+0000,2026-02-20T20:35:10.000+0000
a03oB000000G3qUQAS,Unit 1533 - Madison Park,,a00oB000000mSNjQAM,2350,FALSE,1,Washer/Dryer,,2026-02-20T20:35:10.000+0000,2026-02-20T20:35:10.000+0000
a03oB000000G3qVQAS,Unit 1534 - Financial District,001oB00000JcW3QQAV,a00oB000000mSNDQA2,5150,TRUE,3,Hardwood Floors;Fitness Center,,2026-02-20T20:35:10.000+0000,2026-02-20T20:35:10.000+0000
a03oB000000G3qWQAS,Unit 1535 - Irvington,,a00oB000000mSNTQA2,3000,FALSE,2,Patio;Washer/Dryer;Fitness Center,,2026-02-20T20:35:10.000+0000,2026-02-20T20:35:10.000+0000
a03oB000000G3qXQAS,Unit 1536 - Ballard,001oB00000JcW1EQAV,a00oB000000mSNaQAM,2200,TRUE,1,,,2026-02-20T20:35:10.000+0000,2026-02-20T20:35:10.000+0000
a03oB000000G3qYQAS,Unit 1537 - Financial District,,a00oB000000mSNDQA2,4950,FALSE,3,Washer/Dryer,,2026-02-20T20:35:10.000+0000,2026-02-20T20:35:10.000+0000
a03oB000000G3qZQAS,Unit 1538 - Alberta Arts District,001oB00000JcW0OQAV,a00oB000000mSNKQA2,2750,TRUE,2,Hardwood Floors;Fitness Center,,2026-02-20T20:35:10.000+0000,2026-02-20T20:35:10.000+0000
a03oB000000G3qaQAC,Unit 1539 - Belltown,,a00oB000000mSNgQAM,2800,FALSE,1,Patio;Washer/Dryer;Fitness Center,,2026-02-20T20:35:10.000+0000,2026-02-20T20:35:10.000+0000
a03oB000000G3qbQAC,Unit 1540 - Financial District,001oB00000JcW3TQAV,a00oB000000mSNDQA2,2800,TRUE,1,,,2026-02-20T20:35:10.000+0000,2026-02-20T20:35:10.000+0000
a03oB000000G3qcQAC,Unit 1541 - Sellwood,,a00oB000000mSNQQA2,2550,FALSE,2,Washer/Dryer,,2026-02-20T20:35:10.000+0000,2026-02-20T20:35:10.000+0000
a03oB000000G3qdQAC,Unit 1542 - West Seattle,001oB00000JcW1BQAV,a00oB000000mSNmQAM,3250,TRUE,2,Hardwood Floors;Fitness Center,,2026-02-20T20:35:10.000+0000,2026-02-20T20:35:10.000+0000
a03oB000000G3qeQAC,Unit 1543 - Financial District,,a00oB000000mSNDQA2,3400,FALSE,1,Patio;Washer/Dryer;Fitness Center,,2026-02-20T20:35:10.000+0000,2026-02-20T20:35:10.000+0000
a03oB000000G3qfQAC,Unit 1544 - Foster-Powell,001oB00000JcW2iQAF,a00oB000000mSNWQA2,3200,TRUE,3,,,2026-02-20T20:35:10.000+0000,2026-02-20T20:35:10.000+0000
a03oB000000G3qgQAC,Unit 1545 - University District,,a00oB000000mSNdQAM,3050,FALSE,2,Washer/Dryer,,2026-02-20T20:35:10.000+0000,2026-02-20T20:35:10.000+0000
a03oB000000G3qhQAC,Unit 1546 - Financial District,001oB00000JcW3WQAV,a00oB000000mSNDQA2,3150,TRUE,1,Hardwood Floors;Fitness Center,,2026-02-20T20:35:10.000+0000,2026-02-20T20:35:10.000+0000
a03oB000000G3qiQAC,Unit 1547 - Mississippi Avenue,,a00oB000000mSNNQA2,3800,FALSE,3,Patio;Washer/Dryer;Fitness Center,,2026-02-20T20:35:10.000+0000,2026-02-20T20:35:10.000+0000
a03oB000000G3qjQAC,Unit 1548 - Madison Park,001oB00000JcW18QAF,a00oB000000mSNjQAM,2900,TRUE,2,,,2026-02-20T20:35:10.000+0000,2026-02-20T20:35:10.000+0000
a03oB000000G3qkQAC,Unit 1549 - Financial District,,a00oB000000mSNDQA2,2950,FALSE,1,Washer/Dryer,,2026-02-20T20:35:10.000+0000,2026-02-20T20:35:10.000+0000
a03oB000000G3qlQAC,Unit 1550 - Irvington,001oB00000JcVzKQAV,a00oB000000mSNTQA2,2150,TRUE,1,Hardwood Floors;Fitness Center,,2026-02-20T20:35:10.000+0000,2026-02-20T20:35:10.000+0000
a03oB000000G3qmQAC,Unit 1551 - Ballard,,a00oB000000mSNaQAM,3500,FALSE,2,Patio;Washer/Dryer;Fitness Center,,2026-02-20T20:35:10.000+0000,2026-02-20T20:35:10.000+0000
a03oB000000G3qnQAC,Unit 1552 - Financial District,001oB00000JcW3ZQAV,a00oB000000mSNDQA2,3600,TRUE,2,,,2026-02-20T20:35:10.000+0000,2026-02-20T20:35:10.000+0000
a03oB000000G3qoQAC,Unit 1553 - Alberta Arts District,,a00oB000000mSNKQA2,1950,FALSE,1,Washer/Dryer,,2026-02-20T20:35:10.000+0000,2026-02-20T20:35:10.000+0000
a03oB000000G3qpQAC,Unit 1554 - Belltown,001oB00000JcW15QAF,a00oB000000mSNgQAM,4150,TRUE,3,Hardwood Floors;Fitness Center,,2026-02-20T20:35:10.000+0000,2026-02-20T20:35:10.000+0000
a03oB000000G3qqQAC,Unit 1555 - Financial District,,a00oB000000mSNDQA2,4200,FALSE,2,Patio;Washer/Dryer;Fitness Center,,2026-02-20T20:35:10.000+0000,2026-02-20T20:35:10.000+0000
a03oB000000G3qrQAC,Unit 1556 - Sellwood,001oB00000JcVzWQAV,a00oB000000mSNQQA2,1800,TRUE,1,,,2026-02-20T20:35:10.000+0000,2026-02-20T20:35:10.000+0000
a03oB000000G3qsQAC,Unit 1557 - West Seattle,,a00oB000000mSNmQAM,3950,FALSE,3,Washer/Dryer,,2026-02-20T20:35:10.000+0000,2026-02-20T20:35:10.000+0000
a03oB000000G3qtQAC,Unit 1558 - Financial District,001oB00000JcW3cQAF,a00oB000000mSNDQA2,3950,TRUE,2,Hardwood Floors;Fitness Center,,2026-02-20T20:35:10.000+0000,2026-02-20T20:35:10.000+0000
a03oB000000G3quQAC,Unit 1559 - Foster-Powell,,a00oB000000mSNWQA2,2400,FALSE,1,Patio;Washer/Dryer;Fitness Center,,2026-02-20T20:35:10.000+0000,2026-02-20T20:35:10.000+0000
a03oB000000G3qvQAC,Unit 1560 - University District,001oB00000JcW12QAF,a00oB000000mSNdQAM,2200,TRUE,1,,,2026-02-20T20:35:10.000+0000,2026-02-20T20:35:10.000+0000
a03oB000000G3qwQAC,Unit 1561 - Financial District,,a00oB000000mSNDQA2,3750,FALSE,2,Washer/Dryer,,2026-02-20T20:35:10.000+0000,2026-02-20T20:35:10.000+0000
a03oB000000G3qxQAC,Unit 1562 - Mississippi Avenue,001oB00000JcW2lQAF,a00oB000000mSNNQA2,2750,TRUE,2,Hardwood Floors;Fitness Center,,2026-02-20T20:35:10.000+0000,2026-02-20T20:35:10.000+0000
a03oB000000G3qyQAC,Unit 1563 - Madison Park,,a00oB000000mSNjQAM,2800,FALSE,1,Patio;Washer/Dryer;Fitness Center,,2026-02-20T20:35:10.000+0000,2026-02-20T20:35:10.000+0000
a03oB000000G3qzQAC,Unit 1564 - Financial District,001oB00000JcW3fQAF,a00oB000000mSNDQA2,4800,TRUE,3,,,2026-02-20T20:35:10.000+0000,2026-02-20T20:35:10.000+0000
a03oB000000G3r0QAC,Unit 1565 - Irvington,,a00oB000000mSNTQA2,2550,FALSE,2,Washer/Dryer,,2026-02-20T20:35:10.000+0000,2026-02-20T20:35:10.000+0000
a03oB000000G3r1QAC,Unit 1566 - Ballard,001oB00000JcW0zQAF,a00oB000000mSNaQAM,2550,TRUE,1,Hardwood Floors;Fitness Center,,2026-02-20T20:35:10.000+0000,2026-02-20T20:35:10.000+0000
a03oB000000G3r2QAC,Unit 1567 - Financial District,,a00oB000000mSNDQA2,5400,FALSE,3,Patio;Washer/Dryer;Fitness Center,,2026-02-20T20:35:10.000+0000,2026-02-20T20:35:10.000+0000
a03oB000000G3r3QAC,Unit 1568 - Alberta Arts District,001oB00000JcVzoQAF,a00oB000000mSNKQA2,2400,TRUE,2,,,2026-02-20T20:35:10.000+0000,2026-02-20T20:35:10.000+0000
a03oB000000G3r4QAC,Unit 1569 - Belltown,,a00oB000000mSNgQAM,2350,FALSE,1,Washer/Dryer,,2026-02-20T20:35:10.000+0000,2026-02-20T20:35:10.000+0000
a03oB000000G3r5QAC,Unit 1570 - Financial District,001oB00000JcW3iQAF,a00oB000000mSNDQA2,3150,TRUE,1,Hardwood Floors;Fitness Center,,2026-02-20T20:35:10.000+0000,2026-02-20T20:35:10.000+0000
a03oB000000G3r6QAC,Unit 1571 - Sellwood,,a00oB000000mSNQQA2,3000,FALSE,2,Patio;Washer/Dryer;Fitness Center,,2026-02-20T20:35:10.000+0000,2026-02-20T20:35:10.000+0000
a03oB000000G3r7QAC,Unit 1572 - West Seattle,001oB00000JcW0wQAF,a00oB000000mSNmQAM,2900,TRUE,2,,,2026-02-20T20:35:10.000+0000,2026-02-20T20:35:10.000+0000
a03oB000000G3r8QAC,Unit 1573 - Financial District,,a00oB000000mSNDQA2,2950,FALSE,1,Washer/Dryer,,2026-02-20T20:35:10.000+0000,2026-02-20T20:35:10.000+0000
a03oB000000G3r9QAC,Unit 1574 - Foster-Powell,001oB00000JcW0LQAV,a00oB000000mSNWQA2,3550,TRUE,3,Hardwood Floors;Fitness Center,,2026-02-20T20:35:10.000+0000,2026-02-20T20:35:10.000+0000
a03oB000000G3rAQAS,Unit 1575 - University District,,a00oB000000mSNdQAM,3500,FALSE,2,Patio;Washer/Dryer;Fitness Center,,2026-02-20T20:35:10.000+0000,2026-02-20T20:35:10.000+0000
a03oB000000G3rBQAS,Unit 1576 - Financial District,001oB00000JcW3lQAF,a00oB000000mSNDQA2,2800,TRUE,1,,,2026-02-20T20:35:10.000+0000,2026-02-20T20:35:10.000+0000
a03oB000000G3rCQAS,Unit 1577 - Mississippi Avenue,,a00oB000000mSNNQA2,3350,FALSE,3,Washer/Dryer,,2026-02-20T20:35:10.000+0000,2026-02-20T20:35:10.000+0000
a03oB000000G3rDQAS,Unit 1578 - Madison Park,001oB00000JcW0tQAF,a00oB000000mSNjQAM,3250,TRUE,2,Hardwood Floors;Fitness Center,,2026-02-20T20:35:10.000+0000,2026-02-20T20:35:10.000+0000
a03oB000000G3rEQAS,Unit 1579 - Financial District,,a00oB000000mSNDQA2,3400,FALSE,1,Patio;Washer/Dryer;Fitness Center,,2026-02-20T20:35:10.000+0000,2026-02-20T20:35:10.000+0000
a03oB000000G3rFQAS,Unit 1580 - Irvington,001oB00000JcW2oQAF,a00oB000000mSNTQA2,1800,TRUE,1,,,2026-02-20T20:35:10.000+0000,2026-02-20T20:35:10.000+0000
a03oB000000G3rGQAS,Unit 1581 - Ballard,,a00oB000000mSNaQAM,3050,FALSE,2,Washer/Dryer,,2026-02-20T20:35:10.000+0000,2026-02-20T20:35:10.000+0000
a03oB000000G3rHQAS,Unit 1582 - Financial District,001oB00000JcW3oQAF,a00oB000000mSNDQA2,3950,TRUE,2,Hardwood Floors;Fitness Center,,2026-02-20T20:35:10.000+0000,2026-02-20T20:35:10.000+0000
a03oB000000G3rIQAS,Unit 1583 - Alberta Arts District,,a00oB000000mSNKQA2,2400,FALSE,1,Patio;Washer/Dryer;Fitness Center,,2026-02-20T20:35:10.000+0000,2026-02-20T20:35:10.000+0000
a03oB000000G3rJQAS,Unit 1584 - Belltown,001oB00000JcW0qQAF,a00oB000000mSNgQAM,3800,TRUE,3,,,2026-02-20T20:35:10.000+0000,2026-02-20T20:35:10.000+0000
a03oB000000G3rKQAS,Unit 1585 - Financial District,,a00oB000000mSNDQA2,3750,FALSE,2,Washer/Dryer,,2026-02-20T20:35:10.000+0000,2026-02-20T20:35:10.000+0000
a03oB000000G3rLQAS,Unit 1586 - Sellwood,001oB00000JcW5NQAV,a00oB000000mSNQQA2,2150,TRUE,1,Hardwood Floors;Fitness Center,,2026-02-20T20:35:10.000+0000,2026-02-20T20:35:10.000+0000
a03oB000000G3rMQAS,Unit 1587 - West Seattle,,a00oB000000mSNmQAM,4400,FALSE,3,Patio;Washer/Dryer;Fitness Center,,2026-02-20T20:35:10.000+0000,2026-02-20T20:35:10.000+0000
a03oB000000G3rNQAS,Unit 1588 - Financial District,001oB00000JcW3rQAF,a00oB000000mSNDQA2,3600,TRUE,2,,,2026-02-20T20:35:10.000+0000,2026-02-20T20:35:10.000+0000
a03oB000000G3rOQAS,Unit 1589 - Foster-Powell,,a00oB000000mSNWQA2,1950,FALSE,1,Washer/Dryer,,2026-02-20T20:35:10.000+0000,2026-02-20T20:35:10.000+0000
a03oB000000G3rPQAS,Unit 1590 - University District,001oB00000JcW0nQAF,a00oB000000mSNdQAM,2550,TRUE,1,Hardwood Floors;Fitness Center,,2026-02-20T20:35:10.000+0000,2026-02-20T20:35:10.000+0000
a03oB000000G3rQQAS,Unit 1591 - Financial District,,a00oB000000mSNDQA2,4200,FALSE,2,Patio;Washer/Dryer;Fitness Center,,2026-02-20T20:35:10.000+0000,2026-02-20T20:35:10.000+0000
a03oB000000G3rRQAS,Unit 1592 - Mississippi Avenue,001oB00000JcW2uQAF,a00oB000000mSNNQA2,2400,TRUE,2,,,2026-02-20T20:35:10.000+0000,2026-02-20T20:35:10.000+0000
a03oB000000G3rSQAS,Unit 1593 - Madison Park,,a00oB000000mSNjQAM,2350,FALSE,1,Washer/Dryer,,2026-02-20T20:35:10.000+0000,2026-02-20T20:35:10.000+0000
a03oB000000G3rTQAS,Unit 1594 - Financial District,001oB00000JcW3uQAF,a00oB000000mSNDQA2,5150,TRUE,3,Hardwood Floors;Fitness Center,,2026-02-20T20:35:10.000+0000,2026-02-20T20:35:10.000+0000
a03oB000000G3rUQAS,Unit 1595 - Irvington,,a00oB000000mSNTQA2,3000,FALSE,2,Patio;Washer/Dryer;Fitness Center,,2026-02-20T20:35:10.000+0000,2026-02-20T20:35:10.000+0000
a03oB000000G3rVQAS,Unit 1596 - Ballard,001oB00000JcW0kQAF,a00oB000000mSNaQAM,2200,TRUE,1,,,2026-02-20T20:35:10.000+0000,2026-02-20T20:35:10.000+0000
a03oB000000G3rWQAS,Unit 1597 - Financial District,,a00oB000000mSNDQA2,4950,FALSE,3,Washer/Dryer,,2026-02-20T20:35:10.000+0000,2026-02-20T20:35:10.000+0000
a03oB000000G3rXQAS,Unit 1598 - Alberta Arts District,001oB00000JcW2rQAF,a00oB000000mSNKQA2,2750,TRUE,2,Hardwood Floors;Fitness Center,,2026-02-20T20:35:10.000+0000,2026-02-20T20:35:10.000+0000
a03oB000000G3rYQAS,Unit 1599 - Belltown,,a00oB000000mSNgQAM,2800,FALSE,1,Patio;Washer/Dryer;Fitness Center,,2026-02-20T20:35:10.000+0000,2026-02-20T20:35:10.000+0000
a03oB000000G3rZQAS,Unit 1600 - Financial District,001oB00000JcW3xQAF,a00oB000000mSNDQA2,2800,TRUE,1,,,2026-02-20T20:35:10.000+0000,2026-02-20T20:35:10.000+0000
a03oB000000G3raQAC,Unit 1601 - Sellwood,,a00oB000000mSNQQA2,2550,FALSE,2,Washer/Dryer,,2026-02-20T20:35:10.000+0000,2026-02-20T20:35:10.000+0000
a03oB000000G3rbQAC,Unit 1602 - West Seattle,001oB00000JcW0hQAF,a00oB000000mSNmQAM,3250,TRUE,2,Hardwood Floors;Fitness Center,,2026-02-20T20:35:10.000+0000,2026-02-20T20:35:10.000+0000
a03oB000000G3rcQAC,Unit 1603 - Financial District,,a00oB000000mSNDQA2,3400,FALSE,1,Patio;Washer/Dryer;Fitness Center,,2026-02-20T20:35:10.000+0000,2026-02-20T20:35:10.000+0000
a03oB000000G3rdQAC,Unit 1604 - Foster-Powell,001oB00000JcW4nQAF,a00oB000000mSNWQA2,3200,TRUE,3,,,2026-02-20T20:35:10.000+0000,2026-02-20T20:35:10.000+0000
a03oB000000G3reQAC,Unit 1605 - University District,,a00oB000000mSNdQAM,3050,FALSE,2,Washer/Dryer,,2026-02-20T20:35:10.000+0000,2026-02-20T20:35:10.000+0000
a03oB000000G3rfQAC,Unit 1606 - Financial District,001oB00000JcW40QAF,a00oB000000mSNDQA2,3150,TRUE,1,Hardwood Floors;Fitness Center,,2026-02-20T20:35:10.000+0000,2026-02-20T20:35:10.000+0000
a03oB000000G3rgQAC,Unit 1607 - Mississippi Avenue,,a00oB000000mSNNQA2,3800,FALSE,3,Patio;Washer/Dryer;Fitness Center,,2026-02-20T20:35:10.000+0000,2026-02-20T20:35:10.000+0000
a03oB000000G3rhQAC,Unit 1608 - Madison Park,001oB00000JcW0eQAF,a00oB000000mSNjQAM,2900,TRUE,2,,,2026-02-20T20:35:10.000+0000,2026-02-20T20:35:10.000+0000
a03oB000000G3riQAC,Unit 1609 - Financial District,,a00oB000000mSNDQA2,2950,FALSE,1,Washer/Dryer,,2026-02-20T20:35:10.000+0000,2026-02-20T20:35:10.000+0000
a03oB000000G3rjQAC,Unit 1610 - Irvington,001oB00000JcW1DQAV,a00oB000000mSNTQA2,2150,TRUE,1,Hardwood Floors;Fitness Center,,2026-02-20T20:35:10.000+0000,2026-02-20T20:35:10.000+0000
a03oB000000G3rkQAC,Unit 1611 - Ballard,,a00oB000000mSNaQAM,3500,FALSE,2,Patio;Washer/Dryer;Fitness Center,,2026-02-20T20:35:10.000+0000,2026-02-20T20:35:10.000+0000
a03oB000000G3rlQAC,Unit 1612 - Financial District,001oB00000JcW43QAF,a00oB000000mSNDQA2,3600,TRUE,2,,,2026-02-20T20:35:10.000+0000,2026-02-20T20:35:10.000+0000
a03oB000000G3rmQAC,Unit 1613 - Alberta Arts District,,a00oB000000mSNKQA2,1950,FALSE,1,Washer/Dryer,,2026-02-20T20:35:10.000+0000,2026-02-20T20:35:10.000+0000
a03oB000000G3rnQAC,Unit 1614 - Belltown,001oB00000JcW0bQAF,a00oB000000mSNgQAM,4150,TRUE,3,Hardwood Floors;Fitness Center,,2026-02-20T20:35:10.000+0000,2026-02-20T20:35:10.000+0000
a03oB000000G3roQAC,Unit 1615 - Financial District,,a00oB000000mSNDQA2,4200,FALSE,2,Patio;Washer/Dryer;Fitness Center,,2026-02-20T20:35:10.000+0000,2026-02-20T20:35:10.000+0000
a03oB000000G3rpQAC,Unit 1616 - Sellwood,001oB00000JcW5QQAV,a00oB000000mSNQQA2,1800,TRUE,1,,,2026-02-20T20:35:10.000+0000,2026-02-20T20:35:10.000+0000
a03oB000000G3rqQAC,Unit 1617 - West Seattle,,a00oB000000mSNmQAM,3950,FALSE,3,Washer/Dryer,,2026-02-20T20:35:10.000+0000,2026-02-20T20:35:10.000+0000
a03oB000000G3rrQAC,Unit 1618 - Financial District,001oB00000JcW46QAF,a00oB000000mSNDQA2,3950,TRUE,2,Hardwood Floors;Fitness Center,,2026-02-20T20:35:10.000+0000,2026-02-20T20:35:10.000+0000
a03oB000000G3rsQAC,Unit 1619 - Foster-Powell,,a00oB000000mSNWQA2,2400,FALSE,1,Patio;Washer/Dryer;Fitness Center,,2026-02-20T20:35:10.000+0000,2026-02-20T20:35:10.000+0000
a03oB000000G3rtQAC,Unit 1620 - University District,001oB00000JcW0YQAV,a00oB000000mSNdQAM,2200,TRUE,1,,,2026-02-20T20:35:10.000+0000,2026-02-20T20:35:10.000+0000
a03oB000000G3ruQAC,Unit 1621 - Financial District,,a00oB000000mSNDQA2,3750,FALSE,2,Washer/Dryer,,2026-02-20T20:35:10.000+0000,2026-02-20T20:35:10.000+0000
a03oB000000G3rvQAC,Unit 1622 - Mississippi Avenue,001oB00000JcW4bQAF,a00oB000000mSNNQA2,2750,TRUE,2,Hardwood Floors;Fitness Center,,2026-02-20T20:35:10.000+0000,2026-02-20T20:35:10.000+0000
a03oB000000G3rwQAC,Unit 1623 - Madison Park,,a00oB000000mSNjQAM,2800,FALSE,1,Patio;Washer/Dryer;Fitness Center,,2026-02-20T20:35:10.000+0000,2026-02-20T20:35:10.000+0000
a03oB000000G3rxQAC,Unit 1624 - Financial District,001oB00000JcW49QAF,a00oB000000mSNDQA2,4800,TRUE,3,,,2026-02-20T20:35:10.000+0000,2026-02-20T20:35:10.000+0000
a03oB000000G3ryQAC,Unit 1625 - Irvington,,a00oB000000mSNTQA2,2550,FALSE,2,Washer/Dryer,,2026-02-20T20:35:10.000+0000,2026-02-20T20:35:10.000+0000
a03oB000000G3rzQAC,Unit 1626 - Ballard,001oB00000JcW0VQAV,a00oB000000mSNaQAM,2550,TRUE,1,Hardwood Floors;Fitness Center,,2026-02-20T20:35:10.000+0000,2026-02-20T20:35:10.000+0000
a03oB000000G3s0QAC,Unit 1627 - Financial District,,a00oB000000mSNDQA2,5400,FALSE,3,Patio;Washer/Dryer;Fitness Center,,2026-02-20T20:35:10.000+0000,2026-02-20T20:35:10.000+0000
a03oB000000G3s1QAC,Unit 1628 - Alberta Arts District,001oB00000JcW4AQAV,a00oB000000mSNKQA2,2400,TRUE,2,,,2026-02-20T20:35:10.000+0000,2026-02-20T20:35:10.000+0000
a03oB000000G3s2QAC,Unit 1629 - Belltown,,a00oB000000mSNgQAM,2350,FALSE,1,Washer/Dryer,,2026-02-20T20:35:10.000+0000,2026-02-20T20:35:10.000+0000
a03oB000000G3s3QAC,Unit 1630 - Financial District,001oB00000JcW4CQAV,a00oB000000mSNDQA2,3150,TRUE,1,Hardwood Floors;Fitness Center,,2026-02-20T20:35:10.000+0000,2026-02-20T20:35:10.000+0000
a03oB000000G3s4QAC,Unit 1631 - Sellwood,,a00oB000000mSNQQA2,3000,FALSE,2,Patio;Washer/Dryer;Fitness Center,,2026-02-20T20:35:10.000+0000,2026-02-20T20:35:10.000+0000
a03oB000000G3s5QAC,Unit 1632 - West Seattle,001oB00000JcW0SQAV,a00oB000000mSNmQAM,2900,TRUE,2,,,2026-02-20T20:35:10.000+0000,2026-02-20T20:35:10.000+0000
a03oB000000G3s6QAC,Unit 1633 - Financial District,,a00oB000000mSNDQA2,2950,FALSE,1,Washer/Dryer,,2026-02-20T20:35:10.000+0000,2026-02-20T20:35:10.000+0000
a03oB000000G3s7QAC,Unit 1634 - Foster-Powell,001oB00000JcW5TQAV,a00oB000000mSNWQA2,3550,TRUE,3,Hardwood Floors;Fitness Center,,2026-02-20T20:35:10.000+0000,2026-02-20T20:35:10.000+0000
a03oB000000G3s8QAC,Unit 1635 - University District,,a00oB000000mSNdQAM,3500,FALSE,2,Patio;Washer/Dryer;Fitness Center,,2026-02-20T20:35:10.000+0000,2026-02-20T20:35:10.000+0000
a03oB000000G3s9QAC,Unit 1636 - Financial District,001oB00000JcW4FQAV,a00oB000000mSNDQA2,2800,TRUE,1,,,2026-02-20T20:35:10.000+0000,2026-02-20T20:35:10.000+0000
a03oB000000G3sAQAS,Unit 1637 - Mississippi Avenue,,a00oB000000mSNNQA2,3350,FALSE,3,Washer/Dryer,,2026-02-20T20:35:10.000+0000,2026-02-20T20:35:10.000+0000
a03oB000000G3sBQAS,Unit 1638 - Madison Park,001oB00000JcW0PQAV,a00oB000000mSNjQAM,3250,TRUE,2,Hardwood Floors;Fitness Center,,2026-02-20T20:35:10.000+0000,2026-02-20T20:35:10.000+0000
a03oB000000G3sCQAS,Unit 1639 - Financial District,,a00oB000000mSNDQA2,3400,FALSE,1,Patio;Washer/Dryer;Fitness Center,,2026-02-20T20:35:10.000+0000,2026-02-20T20:35:10.000+0000
a03oB000000G3sDQAS,Unit 1640 - Irvington,001oB00000JcW11QAF,a00oB000000mSNTQA2,1800,TRUE,1,,,2026-02-20T20:35:10.000+0000,2026-02-20T20:35:10.000+0000
a03oB000000G3sEQAS,Unit 1641 - Ballard,,a00oB000000mSNaQAM,3050,FALSE,2,Washer/Dryer,,2026-02-20T20:35:10.000+0000,2026-02-20T20:35:10.000+0000
a03oB000000G3sFQAS,Unit 1642 - Financial District,001oB00000JcW4IQAV,a00oB000000mSNDQA2,3950,TRUE,2,Hardwood Floors;Fitness Center,,2026-02-20T20:35:10.000+0000,2026-02-20T20:35:10.000+0000
a03oB000000G3sGQAS,Unit 1643 - Alberta Arts District,,a00oB000000mSNKQA2,2400,FALSE,1,Patio;Washer/Dryer;Fitness Center,,2026-02-20T20:35:10.000+0000,2026-02-20T20:35:10.000+0000
a03oB000000G3sHQAS,Unit 1644 - Belltown,001oB00000JcW0MQAV,a00oB000000mSNgQAM,3800,TRUE,3,,,2026-02-20T20:35:10.000+0000,2026-02-20T20:35:10.000+0000
a03oB000000G3sIQAS,Unit 1645 - Financial District,,a00oB000000mSNDQA2,3750,FALSE,2,Washer/Dryer,,2026-02-20T20:35:10.000+0000,2026-02-20T20:35:10.000+0000
a03oB000000G3sJQAS,Unit 1646 - Sellwood,001oB00000JcW47QAF,a00oB000000mSNQQA2,2150,TRUE,1,Hardwood Floors;Fitness Center,,2026-02-20T20:35:10.000+0000,2026-02-20T20:35:10.000+0000
a03oB000000G3sKQAS,Unit 1647 - West Seattle,,a00oB000000mSNmQAM,4400,FALSE,3,Patio;Washer/Dryer;Fitness Center,,2026-02-20T20:35:10.000+0000,2026-02-20T20:35:10.000+0000
a03oB000000G3sLQAS,Unit 1648 - Financial District,001oB00000JcW4LQAV,a00oB000000mSNDQA2,3600,TRUE,2,,,2026-02-20T20:35:10.000+0000,2026-02-20T20:35:10.000+0000
a03oB000000G3sMQAS,Unit 1649 - Foster-Powell,,a00oB000000mSNWQA2,1950,FALSE,1,Washer/Dryer,,2026-02-20T20:35:10.000+0000,2026-02-20T20:35:10.000+0000
a03oB000000G3sNQAS,Unit 1650 - University District,001oB00000JcW0JQAV,a00oB000000mSNdQAM,2550,TRUE,1,Hardwood Floors;Fitness Center,,2026-02-20T20:35:10.000+0000,2026-02-20T20:35:10.000+0000
a03oB000000G3sOQAS,Unit 1651 - Financial District,,a00oB000000mSNDQA2,4200,FALSE,2,Patio;Washer/Dryer;Fitness Center,,2026-02-20T20:35:10.000+0000,2026-02-20T20:35:10.000+0000
a03oB000000G3sPQAS,Unit 1652 - Mississippi Avenue,001oB00000JcW5WQAV,a00oB000000mSNNQA2,2400,TRUE,2,,,2026-02-20T20:35:10.000+0000,2026-02-20T20:35:10.000+0000
a03oB000000G3sQQAS,Unit 1653 - Madison Park,,a00oB000000mSNjQAM,2350,FALSE,1,Washer/Dryer,,2026-02-20T20:35:10.000+0000,2026-02-20T20:35:10.000+0000
a03oB000000G3sRQAS,Unit 1654 - Financial District,001oB00000JcW4OQAV,a00oB000000mSNDQA2,5150,TRUE,3,Hardwood Floors;Fitness Center,,2026-02-20T20:35:10.000+0000,2026-02-20T20:35:10.000+0000
a03oB000000G3sSQAS,Unit 1655 - Irvington,,a00oB000000mSNTQA2,3000,FALSE,2,Patio;Washer/Dryer;Fitness Center,,2026-02-20T20:35:10.000+0000,2026-02-20T20:35:10.000+0000
a03oB000000G3sTQAS,Unit 1656 - Ballard,001oB00000JcW0GQAV,a00oB000000mSNaQAM,2200,TRUE,1,,,2026-02-20T20:35:10.000+0000,2026-02-20T20:35:10.000+0000
a03oB000000G3sUQAS,Unit 1657 - Financial District,,a00oB000000mSNDQA2,4950,FALSE,3,Washer/Dryer,,2026-02-20T20:35:10.000+0000,2026-02-20T20:35:10.000+0000
a03oB000000G3sVQAS,Unit 1658 - Alberta Arts District,001oB00000JcW4qQAF,a00oB000000mSNKQA2,2750,TRUE,2,Hardwood Floors;Fitness Center,,2026-02-20T20:35:10.000+0000,2026-02-20T20:35:10.000+0000
a03oB000000G3sWQAS,Unit 1659 - Belltown,,a00oB000000mSNgQAM,2800,FALSE,1,Patio;Washer/Dryer;Fitness Center,,2026-02-20T20:35:10.000+0000,2026-02-20T20:35:10.000+0000
a03oB000000G3sXQAS,Unit 1660 - Financial District,001oB00000JcW4RQAV,a00oB000000mSNDQA2,2800,TRUE,1,,,2026-02-20T20:35:10.000+0000,2026-02-20T20:35:10.000+0000
a03oB000000G3sYQAS,Unit 1661 - Sellwood,,a00oB000000mSNQQA2,2550,FALSE,2,Washer/Dryer,,2026-02-20T20:35:10.000+0000,2026-02-20T20:35:10.000+0000
a03oB000000G3sZQAS,Unit 1662 - West Seattle,001oB00000JcW0DQAV,a00oB000000mSNmQAM,3250,TRUE,2,Hardwood Floors;Fitness Center,,2026-02-20T20:35:10.000+0000,2026-02-20T20:35:10.000+0000
a03oB000000G3saQAC,Unit 1663 - Financial District,,a00oB000000mSNDQA2,3400,FALSE,1,Patio;Washer/Dryer;Fitness Center,,2026-02-20T20:35:10.000+0000,2026-02-20T20:35:10.000+0000
a03oB000000G3sbQAC,Unit 1664 - Foster-Powell,001oB00000JcW1GQAV,a00oB000000mSNWQA2,3200,TRUE,3,,,2026-02-20T20:35:10.000+0000,2026-02-20T20:35:10.000+0000
a03oB000000G3scQAC,Unit 1665 - University District,,a00oB000000mSNdQAM,3050,FALSE,2,Washer/Dryer,,2026-02-20T20:35:10.000+0000,2026-02-20T20:35:10.000+0000
a03oB000000G3sdQAC,Unit 1666 - Financial District,001oB00000JcW4UQAV,a00oB000000mSNDQA2,3150,TRUE,1,Hardwood Floors;Fitness Center,,2026-02-20T20:35:10.000+0000,2026-02-20T20:35:10.000+0000
a03oB000000G3seQAC,Unit 1667 - Mississippi Avenue,,a00oB000000mSNNQA2,3800,FALSE,3,Patio;Washer/Dryer;Fitness Center,,2026-02-20T20:35:10.000+0000,2026-02-20T20:35:10.000+0000
a03oB000000G3sfQAC,Unit 1668 - Madison Park,001oB00000JcW0AQAV,a00oB000000mSNjQAM,2900,TRUE,2,,,2026-02-20T20:35:10.000+0000,2026-02-20T20:35:10.000+0000
a03oB000000G3sgQAC,Unit 1669 - Financial District,,a00oB000000mSNDQA2,2950,FALSE,1,Washer/Dryer,,2026-02-20T20:35:10.000+0000,2026-02-20T20:35:10.000+0000
a03oB000000G3shQAC,Unit 1670 - Irvington,001oB00000JcW0vQAF,a00oB000000mSNTQA2,2150,TRUE,1,Hardwood Floors;Fitness Center,,2026-02-20T20:35:10.000+0000,2026-02-20T20:35:10.000+0000
a03oB000000G3siQAC,Unit 1671 - Ballard,,a00oB000000mSNaQAM,3500,FALSE,2,Patio;Washer/Dryer;Fitness Center,,2026-02-20T20:35:10.000+0000,2026-02-20T20:35:10.000+0000
a03oB000000G3sjQAC,Unit 1672 - Financial District,001oB00000JcW4XQAV,a00oB000000mSNDQA2,3600,TRUE,2,,,2026-02-20T20:35:10.000+0000,2026-02-20T20:35:10.000+0000
a03oB000000G3skQAC,Unit 1673 - Alberta Arts District,,a00oB000000mSNKQA2,1950,FALSE,1,Washer/Dryer,,2026-02-20T20:35:10.000+0000,2026-02-20T20:35:10.000+0000
a03oB000000G3slQAC,Unit 1674 - Belltown,001oB00000JcW07QAF,a00oB000000mSNgQAM,4150,TRUE,3,Hardwood Floors;Fitness Center,,2026-02-20T20:35:10.000+0000,2026-02-20T20:35:10.000+0000
a03oB000000G3smQAC,Unit 1675 - Financial District,,a00oB000000mSNDQA2,4200,FALSE,2,Patio;Washer/Dryer;Fitness Center,,2026-02-20T20:35:10.000+0000,2026-02-20T20:35:10.000+0000
a03oB000000G3snQAC,Unit 1676 - Sellwood,001oB00000JcW4MQAV,a00oB000000mSNQQA2,1800,TRUE,1,,,2026-02-20T20:35:10.000+0000,2026-02-20T20:35:10.000+0000
a03oB000000G3soQAC,Unit 1677 - West Seattle,,a00oB000000mSNmQAM,3950,FALSE,3,Washer/Dryer,,2026-02-20T20:35:10.000+0000,2026-02-20T20:35:10.000+0000
a03oB000000G3spQAC,Unit 1678 - Financial District,001oB00000JcW4aQAF,a00oB000000mSNDQA2,3950,TRUE,2,Hardwood Floors;Fitness Center,,2026-02-20T20:35:10.000+0000,2026-02-20T20:35:10.000+0000
a03oB000000G3sqQAC,Unit 1679 - Foster-Powell,,a00oB000000mSNWQA2,2400,FALSE,1,Patio;Washer/Dryer;Fitness Center,,2026-02-20T20:35:10.000+0000,2026-02-20T20:35:10.000+0000
a03oB000000G3srQAC,Unit 1680 - University District,001oB00000JcW04QAF,a00oB000000mSNdQAM,2200,TRUE,1,,,2026-02-20T20:35:10.000+0000,2026-02-20T20:35:10.000+0000
a03oB000000G3ssQAC,Unit 1681 - Financial District,,a00oB000000mSNDQA2,3750,FALSE,2,Washer/Dryer,,2026-02-20T20:35:10.000+0000,2026-02-20T20:35:10.000+0000
a03oB000000G3stQAC,Unit 1682 - Mississippi Avenue,001oB00000JcW4tQAF,a00oB000000mSNNQA2,2750,TRUE,2,Hardwood Floors;Fitness Center,,2026-02-20T20:35:10.000+0000,2026-02-20T20:35:10.000+0000
a03oB000000G3suQAC,Unit 1683 - Madison Park,,a00oB000000mSNjQAM,2800,FALSE,1,Patio;Washer/Dryer;Fitness Center,,2026-02-20T20:35:10.000+0000,2026-02-20T20:35:10.000+0000
a03oB000000G3svQAC,Unit 1684 - Financial District,001oB00000JcW4dQAF,a00oB000000mSNDQA2,4800,TRUE,3,,,2026-02-20T20:35:10.000+0000,2026-02-20T20:35:10.000+0000
a03oB000000G3swQAC,Unit 1685 - Irvington,,a00oB000000mSNTQA2,2550,FALSE,2,Washer/Dryer,,2026-02-20T20:35:10.000+0000,2026-02-20T20:35:10.000+0000
a03oB000000G3sxQAC,Unit 1686 - Ballard,001oB00000JcW01QAF,a00oB000000mSNaQAM,2550,TRUE,1,Hardwood Floors;Fitness Center,,2026-02-20T20:35:10.000+0000,2026-02-20T20:35:10.000+0000
a03oB000000G3syQAC,Unit 1687 - Financial District,,a00oB000000mSNDQA2,5400,FALSE,3,Patio;Washer/Dryer;Fitness Center,,2026-02-20T20:35:10.000+0000,2026-02-20T20:35:10.000+0000
a03oB000000G3szQAC,Unit 1688 - Alberta Arts District,001oB00000JcW4PQAV,a00oB000000mSNKQA2,2400,TRUE,2,,,2026-02-20T20:35:10.000+0000,2026-02-20T20:35:10.000+0000
a03oB000000G3t0QAC,Unit 1689 - Belltown,,a00oB000000mSNgQAM,2350,FALSE,1,Washer/Dryer,,2026-02-20T20:35:10.000+0000,2026-02-20T20:35:10.000+0000
a03oB000000G3t1QAC,Unit 1690 - Financial District,001oB00000JcW4gQAF,a00oB000000mSNDQA2,3150,TRUE,1,Hardwood Floors;Fitness Center,,2026-02-20T20:35:10.000+0000,2026-02-20T20:35:10.000+0000
a03oB000000G3t2QAC,Unit 1691 - Sellwood,,a00oB000000mSNQQA2,3000,FALSE,2,Patio;Washer/Dryer;Fitness Center,,2026-02-20T20:35:10.000+0000,2026-02-20T20:35:10.000+0000
a03oB000000G3t3QAC,Unit 1692 - West Seattle,001oB00000JcVzyQAF,a00oB000000mSNmQAM,2900,TRUE,2,,,2026-02-20T20:35:10.000+0000,2026-02-20T20:35:10.000+0000
a03oB000000G3t4QAC,Unit 1693 - Financial District,,a00oB000000mSNDQA2,2950,FALSE,1,Washer/Dryer,,2026-02-20T20:35:10.000+0000,2026-02-20T20:35:10.000+0000
a03oB000000G3t5QAC,Unit 1694 - Foster-Powell,001oB00000JcVzlQAF,a00oB000000mSNWQA2,3550,TRUE,3,Hardwood Floors;Fitness Center,,2026-02-20T20:35:10.000+0000,2026-02-20T20:35:10.000+0000
a03oB000000G3t6QAC,Unit 1695 - University District,,a00oB000000mSNdQAM,3500,FALSE,2,Patio;Washer/Dryer;Fitness Center,,2026-02-20T20:35:10.000+0000,2026-02-20T20:35:10.000+0000
a03oB000000G3t7QAC,Unit 1696 - Financial District,001oB00000JcW4jQAF,a00oB000000mSNDQA2,2800,TRUE,1,,,2026-02-20T20:35:10.000+0000,2026-02-20T20:35:10.000+0000
a03oB000000G3t8QAC,Unit 1697 - Mississippi Avenue,,a00oB000000mSNNQA2,3350,FALSE,3,Washer/Dryer,,2026-02-20T20:35:10.000+0000,2026-02-20T20:35:10.000+0000
a03oB000000G3t9QAC,Unit 1698 - Madison Park,001oB00000JcVzvQAF,a00oB000000mSNjQAM,3250,TRUE,2,Hardwood Floors;Fitness Center,,2026-02-20T20:35:10.000+0000,2026-02-20T20:35:10.000+0000
a03oB000000G3tAQAS,Unit 1699 - Financial District,,a00oB000000mSNDQA2,3400,FALSE,1,Patio;Washer/Dryer;Fitness Center,,2026-02-20T20:35:10.000+0000,2026-02-20T20:35:10.000+0000
a03oB000000G3tBQAS,Unit 1700 - Irvington,001oB00000JcW4wQAF,a00oB000000mSNTQA2,1800,TRUE,1,,,2026-02-20T20:35:10.000+0000,2026-02-20T20:35:10.000+0000
a03oB000000G3tCQAS,Unit 1701 - Ballard,,a00oB000000mSNaQAM,3050,FALSE,2,Washer/Dryer,,2026-02-20T20:35:10.000+0000,2026-02-20T20:35:10.000+0000
a03oB000000G3tDQAS,Unit 1702 - Financial District,001oB00000JcW4mQAF,a00oB000000mSNDQA2,3950,TRUE,2,Hardwood Floors;Fitness Center,,2026-02-20T20:35:10.000+0000,2026-02-20T20:35:10.000+0000
a03oB000000G3tEQAS,Unit 1703 - Alberta Arts District,,a00oB000000mSNKQA2,2400,FALSE,1,Patio;Washer/Dryer;Fitness Center,,2026-02-20T20:35:10.000+0000,2026-02-20T20:35:10.000+0000
a03oB000000G3tFQAS,Unit 1704 - Belltown,001oB00000JcVzsQAF,a00oB000000mSNgQAM,3800,TRUE,3,,,2026-02-20T20:35:10.000+0000,2026-02-20T20:35:10.000+0000
a03oB000000G3tGQAS,Unit 1705 - Financial District,,a00oB000000mSNDQA2,3750,FALSE,2,Washer/Dryer,,2026-02-20T20:35:10.000+0000,2026-02-20T20:35:10.000+0000
a03oB000000G3tHQAS,Unit 1706 - Sellwood,001oB00000JcW4eQAF,a00oB000000mSNQQA2,2150,TRUE,1,Hardwood Floors;Fitness Center,,2026-02-20T20:35:10.000+0000,2026-02-20T20:35:10.000+0000
a03oB000000G3tIQAS,Unit 1707 - West Seattle,,a00oB000000mSNmQAM,4400,FALSE,3,Patio;Washer/Dryer;Fitness Center,,2026-02-20T20:35:10.000+0000,2026-02-20T20:35:10.000+0000
a03oB000000G3tJQAS,Unit 1708 - Financial District,001oB00000JcW4pQAF,a00oB000000mSNDQA2,3600,TRUE,2,,,2026-02-20T20:35:10.000+0000,2026-02-20T20:35:10.000+0000
a03oB000000G3tKQAS,Unit 1709 - Foster-Powell,,a00oB000000mSNWQA2,1950,FALSE,1,Washer/Dryer,,2026-02-20T20:35:10.000+0000,2026-02-20T20:35:10.000+0000
a03oB000000G3tLQAS,Unit 1710 - University District,001oB00000JcVzpQAF,a00oB000000mSNdQAM,2550,TRUE,1,Hardwood Floors;Fitness Center,,2026-02-20T20:35:10.000+0000,2026-02-20T20:35:10.000+0000
a03oB000000G3tMQAS,Unit 1711 - Financial District,,a00oB000000mSNDQA2,4200,FALSE,2,Patio;Washer/Dryer;Fitness Center,,2026-02-20T20:35:10.000+0000,2026-02-20T20:35:10.000+0000
a03oB000000G3tNQAS,Unit 1712 - Mississippi Avenue,001oB00000JcW14QAF,a00oB000000mSNNQA2,2400,TRUE,2,,,2026-02-20T20:35:10.000+0000,2026-02-20T20:35:10.000+0000
a03oB000000G3tOQAS,Unit 1713 - Madison Park,,a00oB000000mSNjQAM,2350,FALSE,1,Washer/Dryer,,2026-02-20T20:35:10.000+0000,2026-02-20T20:35:10.000+0000
a03oB000000G3tPQAS,Unit 1714 - Financial District,001oB00000JcW4sQAF,a00oB000000mSNDQA2,5150,TRUE,3,Hardwood Floors;Fitness Center,,2026-02-20T20:35:10.000+0000,2026-02-20T20:35:10.000+0000
a03oB000000G3tQQAS,Unit 1715 - Irvington,,a00oB000000mSNTQA2,3000,FALSE,2,Patio;Washer/Dryer;Fitness Center,,2026-02-20T20:35:10.000+0000,2026-02-20T20:35:10.000+0000
a03oB000000G3tRQAS,Unit 1716 - Ballard,001oB00000JcVzmQAF,a00oB000000mSNaQAM,2200,TRUE,1,,,2026-02-20T20:35:10.000+0000,2026-02-20T20:35:10.000+0000
a03oB000000G3tSQAS,Unit 1717 - Financial District,,a00oB000000mSNDQA2,4950,FALSE,3,Washer/Dryer,,2026-02-20T20:35:10.000+0000,2026-02-20T20:35:10.000+0000
a03oB000000G3tTQAS,Unit 1718 - Alberta Arts District,001oB00000JcW4zQAF,a00oB000000mSNKQA2,2750,TRUE,2,Hardwood Floors;Fitness Center,,2026-02-20T20:35:10.000+0000,2026-02-20T20:35:10.000+0000
a03oB000000G3tUQAS,Unit 1719 - Belltown,,a00oB000000mSNgQAM,2800,FALSE,1,Patio;Washer/Dryer;Fitness Center,,2026-02-20T20:35:10.000+0000,2026-02-20T20:35:10.000+0000
a03oB000000G3tVQAS,Unit 1720 - Financial District,001oB00000JcW4vQAF,a00oB000000mSNDQA2,2800,TRUE,1,,,2026-02-20T20:35:10.000+0000,2026-02-20T20:35:10.000+0000
a03oB000000G3tWQAS,Unit 1721 - Sellwood,,a00oB000000mSNQQA2,2550,FALSE,2,Washer/Dryer,,2026-02-20T20:35:10.000+0000,2026-02-20T20:35:10.000+0000
a03oB000000G3tXQAS,Unit 1722 - West Seattle,001oB00000JcVzjQAF,a00oB000000mSNmQAM,3250,TRUE,2,Hardwood Floors;Fitness Center,,2026-02-20T20:35:10.000+0000,2026-02-20T20:35:10.000+0000
a03oB000000G3tYQAS,Unit 1723 - Financial District,,a00oB000000mSNDQA2,3400,FALSE,1,Patio;Washer/Dryer;Fitness Center,,2026-02-20T20:35:10.000+0000,2026-02-20T20:35:10.000+0000
a03oB000000G3tZQAS,Unit 1724 - Foster-Powell,001oB00000JcW4YQAV,a00oB000000mSNWQA2,3200,TRUE,3,,,2026-02-20T20:35:10.000+0000,2026-02-20T20:35:10.000+0000
a03oB000000G3taQAC,Unit 1725 - University District,,a00oB000000mSNdQAM,3050,FALSE,2,Washer/Dryer,,2026-02-20T20:35:10.000+0000,2026-02-20T20:35:10.000+0000
a03oB000000G3tbQAC,Unit 1726 - Financial District,001oB00000JcW4yQAF,a00oB000000mSNDQA2,3150,TRUE,1,Hardwood Floors;Fitness Center,,2026-02-20T20:35:10.000+0000,2026-02-20T20:35:10.000+0000
a03oB000000G3tcQAC,Unit 1727 - Mississippi Avenue,,a00oB000000mSNNQA2,3800,FALSE,3,Patio;Washer/Dryer;Fitness Center,,2026-02-20T20:35:10.000+0000,2026-02-20T20:35:10.000+0000
a03oB000000G3tdQAC,Unit 1728 - Madison Park,001oB00000JcVzgQAF,a00oB000000mSNjQAM,2900,TRUE,2,,,2026-02-20T20:35:10.000+0000,2026-02-20T20:35:10.000+0000
a03oB000000G3teQAC,Unit 1729 - Financial District,,a00oB000000mSNDQA2,2950,FALSE,1,Washer/Dryer,,2026-02-20T20:35:10.000+0000,2026-02-20T20:35:10.000+0000
a03oB000000G3tfQAC,Unit 1730 - Irvington,001oB00000JcVzBQAV,a00oB000000mSNTQA2,2150,TRUE,1,Hardwood Floors;Fitness Center,,2026-02-20T20:35:10.000+0000,2026-02-20T20:35:10.000+0000
a03oB000000G3tgQAC,Unit 1731 - Ballard,,a00oB000000mSNaQAM,3500,FALSE,2,Patio;Washer/Dryer;Fitness Center,,2026-02-20T20:35:10.000+0000,2026-02-20T20:35:10.000+0000
a03oB000000G3thQAC,Unit 1732 - Financial District,001oB00000JcW51QAF,a00oB000000mSNDQA2,3600,TRUE,2,,,2026-02-20T20:35:10.000+0000,2026-02-20T20:35:10.000+0000
a03oB000000G3tiQAC,Unit 1733 - Alberta Arts District,,a00oB000000mSNKQA2,1950,FALSE,1,Washer/Dryer,,2026-02-20T20:35:10.000+0000,2026-02-20T20:35:10.000+0000
a03oB000000G3tjQAC,Unit 1734 - Belltown,001oB00000JcVzdQAF,a00oB000000mSNgQAM,4150,TRUE,3,Hardwood Floors;Fitness Center,,2026-02-20T20:35:10.000+0000,2026-02-20T20:35:10.000+0000
a03oB000000G3tkQAC,Unit 1735 - Financial District,,a00oB000000mSNDQA2,4200,FALSE,2,Patio;Washer/Dryer;Fitness Center,,2026-02-20T20:35:10.000+0000,2026-02-20T20:35:10.000+0000
a03oB000000G3tlQAC,Unit 1736 - Sellwood,001oB00000JcW52QAF,a00oB000000mSNQQA2,1800,TRUE,1,,,2026-02-20T20:35:10.000+0000,2026-02-20T20:35:10.000+0000
a03oB000000G3tmQAC,Unit 1737 - West Seattle,,a00oB000000mSNmQAM,3950,FALSE,3,Washer/Dryer,,2026-02-20T20:35:10.000+0000,2026-02-20T20:35:10.000+0000
a03oB000000G3tnQAC,Unit 1738 - Financial District,001oB00000JcW54QAF,a00oB000000mSNDQA2,3950,TRUE,2,Hardwood Floors;Fitness Center,,2026-02-20T20:35:10.000+0000,2026-02-20T20:35:10.000+0000
a03oB000000G3toQAC,Unit 1739 - Foster-Powell,,a00oB000000mSNWQA2,2400,FALSE,1,Patio;Washer/Dryer;Fitness Center,,2026-02-20T20:35:10.000+0000,2026-02-20T20:35:10.000+0000
a03oB000000G3tpQAC,Unit 1740 - University District,001oB00000JcVzaQAF,a00oB000000mSNdQAM,2200,TRUE,1,,,2026-02-20T20:35:10.000+0000,2026-02-20T20:35:10.000+0000
a03oB000000G3tqQAC,Unit 1741 - Financial District,,a00oB000000mSNDQA2,3750,FALSE,2,Washer/Dryer,,2026-02-20T20:35:10.000+0000,2026-02-20T20:35:10.000+0000
a03oB000000G3trQAC,Unit 1742 - Mississippi Avenue,001oB00000JcW0yQAF,a00oB000000mSNNQA2,2750,TRUE,2,Hardwood Floors;Fitness Center,,2026-02-20T20:35:10.000+0000,2026-02-20T20:35:10.000+0000
a03oB000000G3tsQAC,Unit 1743 - Madison Park,,a00oB000000mSNjQAM,2800,FALSE,1,Patio;Washer/Dryer;Fitness Center,,2026-02-20T20:35:10.000+0000,2026-02-20T20:35:10.000+0000
a03oB000000G3ttQAC,Unit 1744 - Financial District,001oB00000JcW57QAF,a00oB000000mSNDQA2,4800,TRUE,3,,,2026-02-20T20:35:10.000+0000,2026-02-20T20:35:10.000+0000
a03oB000000G3tuQAC,Unit 1745 - Irvington,,a00oB000000mSNTQA2,2550,FALSE,2,Washer/Dryer,,2026-02-20T20:35:10.000+0000,2026-02-20T20:35:10.000+0000
a03oB000000G3tvQAC,Unit 1746 - Ballard,001oB00000JcVzXQAV,a00oB000000mSNaQAM,2550,TRUE,1,Hardwood Floors;Fitness Center,,2026-02-20T20:35:10.000+0000,2026-02-20T20:35:10.000+0000
a03oB000000G3twQAC,Unit 1747 - Financial District,,a00oB000000mSNDQA2,5400,FALSE,3,Patio;Washer/Dryer;Fitness Center,,2026-02-20T20:35:10.000+0000,2026-02-20T20:35:10.000+0000
a03oB000000G3txQAC,Unit 1748 - Alberta Arts District,001oB00000JcW4JQAV,a00oB000000mSNKQA2,2400,TRUE,2,,,2026-02-20T20:35:10.000+0000,2026-02-20T20:35:10.000+0000
a03oB000000G3tyQAC,Unit 1749 - Belltown,,a00oB000000mSNgQAM,2350,FALSE,1,Washer/Dryer,,2026-02-20T20:35:10.000+0000,2026-02-20T20:35:10.000+0000
a03oB000000G3tzQAC,Unit 1750 - Financial District,001oB00000JcW5AQAV,a00oB000000mSNDQA2,3150,TRUE,1,Hardwood Floors;Fitness Center,,2026-02-20T20:35:10.000+0000,2026-02-20T20:35:10.000+0000
a03oB000000G3u0QAC,Unit 1751 - Sellwood,,a00oB000000mSNQQA2,3000,FALSE,2,Patio;Washer/Dryer;Fitness Center,,2026-02-20T20:35:10.000+0000,2026-02-20T20:35:10.000+0000
a03oB000000G3u1QAC,Unit 1752 - West Seattle,001oB00000JcVzUQAV,a00oB000000mSNmQAM,2900,TRUE,2,,,2026-02-20T20:35:10.000+0000,2026-02-20T20:35:10.000+0000
a03oB000000G3u2QAC,Unit 1753 - Financial District,,a00oB000000mSNDQA2,2950,FALSE,1,Washer/Dryer,,2026-02-20T20:35:10.000+0000,2026-02-20T20:35:10.000+0000
a03oB000000G3u3QAC,Unit 1754 - Foster-Powell,001oB00000JcVziQAF,a00oB000000mSNWQA2,3550,TRUE,3,Hardwood Floors;Fitness Center,,2026-02-20T20:35:10.000+0000,2026-02-20T20:35:10.000+0000
a03oB000000G3u4QAC,Unit 1755 - University District,,a00oB000000mSNdQAM,3500,FALSE,2,Patio;Washer/Dryer;Fitness Center,,2026-02-20T20:35:10.000+0000,2026-02-20T20:35:10.000+0000
a03oB000000G3u5QAC,Unit 1756 - Financial District,001oB00000JcW5DQAV,a00oB000000mSNDQA2,2800,TRUE,1,,,2026-02-20T20:35:10.000+0000,2026-02-20T20:35:10.000+0000
a03oB000000G3u6QAC,Unit 1757 - Mississippi Avenue,,a00oB000000mSNNQA2,3350,FALSE,3,Washer/Dryer,,2026-02-20T20:35:10.000+0000,2026-02-20T20:35:10.000+0000
a03oB000000G3u7QAC,Unit 1758 - Madison Park,001oB00000JcVzRQAV,a00oB000000mSNjQAM,3250,TRUE,2,Hardwood Floors;Fitness Center,,2026-02-20T20:35:10.000+0000,2026-02-20T20:35:10.000+0000
a03oB000000G3u8QAC,Unit 1759 - Financial District,,a00oB000000mSNDQA2,3400,FALSE,1,Patio;Washer/Dryer;Fitness Center,,2026-02-20T20:35:10.000+0000,2026-02-20T20:35:10.000+0000
a03oB000000G3u9QAC,Unit 1760 - Irvington,001oB00000JcW55QAF,a00oB000000mSNTQA2,1800,TRUE,1,,,2026-02-20T20:35:10.000+0000,2026-02-20T20:35:10.000+0000
a03oB000000G3uAQAS,Unit 1761 - Ballard,,a00oB000000mSNaQAM,3050,FALSE,2,Washer/Dryer,,2026-02-20T20:35:10.000+0000,2026-02-20T20:35:10.000+0000
a03oB000000G3uBQAS,Unit 1762 - Financial District,001oB00000JcW5GQAV,a00oB000000mSNDQA2,3950,TRUE,2,Hardwood Floors;Fitness Center,,2026-02-20T20:35:10.000+0000,2026-02-20T20:35:10.000+0000
a03oB000000G3uCQAS,Unit 1763 - Alberta Arts District,,a00oB000000mSNKQA2,2400,FALSE,1,Patio;Washer/Dryer;Fitness Center,,2026-02-20T20:35:10.000+0000,2026-02-20T20:35:10.000+0000
a03oB000000G3uDQAS,Unit 1764 - Belltown,001oB00000JcVzOQAV,a00oB000000mSNgQAM,3800,TRUE,3,,,2026-02-20T20:35:10.000+0000,2026-02-20T20:35:10.000+0000
a03oB000000G3uEQAS,Unit 1765 - Financial District,,a00oB000000mSNDQA2,3750,FALSE,2,Washer/Dryer,,2026-02-20T20:35:10.000+0000,2026-02-20T20:35:10.000+0000
a03oB000000G3uFQAS,Unit 1766 - Sellwood,001oB00000JcW4hQAF,a00oB000000mSNQQA2,2150,TRUE,1,Hardwood Floors;Fitness Center,,2026-02-20T20:35:10.000+0000,2026-02-20T20:35:10.000+0000
a03oB000000G3uGQAS,Unit 1767 - West Seattle,,a00oB000000mSNmQAM,4400,FALSE,3,Patio;Washer/Dryer;Fitness Center,,2026-02-20T20:35:10.000+0000,2026-02-20T20:35:10.000+0000
a03oB000000G3uHQAS,Unit 1768 - Financial District,001oB00000JcW5JQAV,a00oB000000mSNDQA2,3600,TRUE,2,,,2026-02-20T20:35:10.000+0000,2026-02-20T20:35:10.000+0000
a03oB000000G3uIQAS,Unit 1769 - Foster-Powell,,a00oB000000mSNWQA2,1950,FALSE,1,Washer/Dryer,,2026-02-20T20:35:10.000+0000,2026-02-20T20:35:10.000+0000
a03oB000000G3uJQAS,Unit 1770 - University District,001oB00000JcVzLQAV,a00oB000000mSNdQAM,2550,TRUE,1,Hardwood Floors;Fitness Center,,2026-02-20T20:35:10.000+0000,2026-02-20T20:35:10.000+0000
a03oB000000G3uKQAS,Unit 1771 - Financial District,,a00oB000000mSNDQA2,4200,FALSE,2,Patio;Washer/Dryer;Fitness Center,,2026-02-20T20:35:10.000+0000,2026-02-20T20:35:10.000+0000
a03oB000000G3uLQAS,Unit 1772 - Mississippi Avenue,001oB00000JcW17QAF,a00oB000000mSNNQA2,2400,TRUE,2,,,2026-02-20T20:35:10.000+0000,2026-02-20T20:35:10.000+0000
a03oB000000G3uMQAS,Unit 1773 - Madison Park,,a00oB000000mSNjQAM,2350,FALSE,1,Washer/Dryer,,2026-02-20T20:35:10.000+0000,2026-02-20T20:35:10.000+0000
a03oB000000G3uNQAS,Unit 1774 - Financial District,001oB00000JcW5MQAV,a00oB000000mSNDQA2,5150,TRUE,3,Hardwood Floors;Fitness Center,,2026-02-20T20:35:10.000+0000,2026-02-20T20:35:10.000+0000
a03oB000000G3uOQAS,Unit 1775 - Irvington,,a00oB000000mSNTQA2,3000,FALSE,2,Patio;Washer/Dryer;Fitness Center,,2026-02-20T20:35:10.000+0000,2026-02-20T20:35:10.000+0000
a03oB000000G3uPQAS,Unit 1776 - Ballard,001oB00000JcVzIQAV,a00oB000000mSNaQAM,2200,TRUE,1,,,2026-02-20T20:35:10.000+0000,2026-02-20T20:35:10.000+0000
a03oB000000G3uQQAS,Unit 1777 - Financial District,,a00oB000000mSNDQA2,4950,FALSE,3,Washer/Dryer,,2026-02-20T20:35:10.000+0000,2026-02-20T20:35:10.000+0000
a03oB000000G3uRQAS,Unit 1778 - Alberta Arts District,001oB00000JcW58QAF,a00oB000000mSNKQA2,2750,TRUE,2,Hardwood Floors;Fitness Center,,2026-02-20T20:35:10.000+0000,2026-02-20T20:35:10.000+0000
a03oB000000G3uSQAS,Unit 1779 - Belltown,,a00oB000000mSNgQAM,2800,FALSE,1,Patio;Washer/Dryer;Fitness Center,,2026-02-20T20:35:10.000+0000,2026-02-20T20:35:10.000+0000
a03oB000000G3uTQAS,Unit 1780 - Financial District,001oB00000JcW5PQAV,a00oB000000mSNDQA2,2800,TRUE,1,,,2026-02-20T20:35:10.000+0000,2026-02-20T20:35:10.000+0000
a03oB000000G3uUQAS,Unit 1781 - Sellwood,,a00oB000000mSNQQA2,2550,FALSE,2,Washer/Dryer,,2026-02-20T20:35:10.000+0000,2026-02-20T20:35:10.000+0000
a03oB000000G3uVQAS,Unit 1782 - West Seattle,001oB00000JcVzFQAV,a00oB000000mSNmQAM,3250,TRUE,2,Hardwood Floors;Fitness Center,,2026-02-20T20:35:10.000+0000,2026-02-20T20:35:10.000+0000
a03oB000000G3uWQAS,Unit 1783 - Financial District,,a00oB000000mSNDQA2,3400,FALSE,1,Patio;Washer/Dryer;Fitness Center,,2026-02-20T20:35:10.000+0000,2026-02-20T20:35:10.000+0000
a03oB000000G3uXQAS,Unit 1784 - Foster-Powell,001oB00000JcW4VQAV,a00oB000000mSNWQA2,3200,TRUE,3,,,2026-02-20T20:35:10.000+0000,2026-02-20T20:35:10.000+0000
a03oB000000G3uYQAS,Unit 1785 - University District,,a00oB000000mSNdQAM,3050,FALSE,2,Washer/Dryer,,2026-02-20T20:35:10.000+0000,2026-02-20T20:35:10.000+0000
a03oB000000G3uZQAS,Unit 1786 - Financial District,001oB00000JcW5SQAV,a00oB000000mSNDQA2,3150,TRUE,1,Hardwood Floors;Fitness Center,,2026-02-20T20:35:10.000+0000,2026-02-20T20:35:10.000+0000
a03oB000000G3uaQAC,Unit 1787 - Mississippi Avenue,,a00oB000000mSNNQA2,3800,FALSE,3,Patio;Washer/Dryer;Fitness Center,,2026-02-20T20:35:10.000+0000,2026-02-20T20:35:10.000+0000
a03oB000000G3ubQAC,Unit 1788 - Madison Park,001oB00000JcVzCQAV,a00oB000000mSNjQAM,2900,TRUE,2,,,2026-02-20T20:35:10.000+0000,2026-02-20T20:35:10.000+0000
a03oB000000G3ucQAC,Unit 1789 - Financial District,,a00oB000000mSNDQA2,2950,FALSE,1,Washer/Dryer,,2026-02-20T20:35:10.000+0000,2026-02-20T20:35:10.000+0000
a03oB000000G3udQAC,Unit 1790 - Irvington,001oB00000JcW4GQAV,a00oB000000mSNTQA2,2150,TRUE,1,Hardwood Floors;Fitness Center,,2026-02-20T20:35:10.000+0000,2026-02-20T20:35:10.000+0000
a03oB000000G3ueQAC,Unit 1791 - Ballard,,a00oB000000mSNaQAM,3500,FALSE,2,Patio;Washer/Dryer;Fitness Center,,2026-02-20T20:35:10.000+0000,2026-02-20T20:35:10.000+0000
a03oB000000G3ufQAC,Unit 1792 - Financial District,001oB00000JcW5VQAV,a00oB000000mSNDQA2,3600,TRUE,2,,,2026-02-20T20:35:10.000+0000,2026-02-20T20:35:10.000+0000
a03oB000000G3ugQAC,Unit 1793 - Alberta Arts District,,a00oB000000mSNKQA2,1950,FALSE,1,Washer/Dryer,,2026-02-20T20:35:10.000+0000,2026-02-20T20:35:10.000+0000
a03oB000000G3uhQAC,Unit 1794 - Belltown,001oB00000JcVz9QAF,a00oB000000mSNgQAM,4150,TRUE,3,Hardwood Floors;Fitness Center,,2026-02-20T20:35:10.000+0000,2026-02-20T20:35:10.000+0000
a03oB000000G3uiQAC,Unit 1795 - Financial District,,a00oB000000mSNDQA2,4200,FALSE,2,Patio;Washer/Dryer;Fitness Center,,2026-02-20T20:35:10.000+0000,2026-02-20T20:35:10.000+0000
a03oB000000G3ujQAC,Unit 1796 - Sellwood,001oB00000JcW5BQAV,a00oB000000mSNQQA2,1800,TRUE,1,,,2026-02-20T20:35:10.000+0000,2026-02-20T20:35:10.000+0000
a03oB000000G3ukQAC,Unit 1797 - West Seattle,,a00oB000000mSNmQAM,3950,FALSE,3,Washer/Dryer,,2026-02-20T20:35:10.000+0000,2026-02-20T20:35:10.000+0000
a03oB000000G3ulQAC,Unit 1798 - Financial District,001oB00000JcW5YQAV,a00oB000000mSNDQA2,3950,TRUE,2,Hardwood Floors;Fitness Center,,2026-02-20T20:35:10.000+0000,2026-02-20T20:35:10.000+0000
a03oB000000G3umQAC,Unit 1799 - Foster-Powell,,a00oB000000mSNWQA2,2400,FALSE,1,Patio;Washer/Dryer;Fitness Center,,2026-02-20T20:35:10.000+0000,2026-02-20T20:35:10.000+0000
a03oB000000G3unQAC,Unit 1800 - University District,001oB00000JcW6eQAF,a00oB000000mSNdQAM,2200,TRUE,1,,,2026-02-20T20:35:11.000+0000,2026-02-20T20:35:11.000+0000
a03oB000000G3uoQAC,Unit 1801 - Financial District,,a00oB000000mSNDQA2,3750,FALSE,2,Washer/Dryer,,2026-02-20T20:35:11.000+0000,2026-02-20T20:35:11.000+0000
a03oB000000G3upQAC,Unit 1802 - Mississippi Avenue,001oB00000JcW6vQAF,a00oB000000mSNNQA2,2750,TRUE,2,Hardwood Floors;Fitness Center,,2026-02-20T20:35:11.000+0000,2026-02-20T20:35:11.000+0000
a03oB000000G3uqQAC,Unit 1803 - Madison Park,,a00oB000000mSNjQAM,2800,FALSE,1,Patio;Washer/Dryer;Fitness Center,,2026-02-20T20:35:11.000+0000,2026-02-20T20:35:11.000+0000
a03oB000000G3urQAC,Unit 1804 - Financial District,001oB00000JcW6EQAV,a00oB000000mSNDQA2,4800,TRUE,3,,,2026-02-20T20:35:11.000+0000,2026-02-20T20:35:11.000+0000
a03oB000000G3usQAC,Unit 1805 - Irvington,,a00oB000000mSNTQA2,2550,FALSE,2,Washer/Dryer,,2026-02-20T20:35:11.000+0000,2026-02-20T20:35:11.000+0000
a03oB000000G3utQAC,Unit 1806 - Ballard,001oB00000JcW8pQAF,a00oB000000mSNaQAM,2550,TRUE,1,Hardwood Floors;Fitness Center,,2026-02-20T20:35:11.000+0000,2026-02-20T20:35:11.000+0000
a03oB000000G3uuQAC,Unit 1807 - Financial District,,a00oB000000mSNDQA2,5400,FALSE,3,Patio;Washer/Dryer;Fitness Center,,2026-02-20T20:35:11.000+0000,2026-02-20T20:35:11.000+0000
a03oB000000G3uvQAC,Unit 1808 - Alberta Arts District,001oB00000JcW9pQAF,a00oB000000mSNKQA2,2400,TRUE,2,,,2026-02-20T20:35:11.000+0000,2026-02-20T20:35:11.000+0000
a03oB000000G3uwQAC,Unit 1809 - Belltown,,a00oB000000mSNgQAM,2350,FALSE,1,Washer/Dryer,,2026-02-20T20:35:11.000+0000,2026-02-20T20:35:11.000+0000
a03oB000000G3uxQAC,Unit 1810 - Financial District,001oB00000JcWAyQAN,a00oB000000mSNDQA2,3150,TRUE,1,Hardwood Floors;Fitness Center,,2026-02-20T20:35:11.000+0000,2026-02-20T20:35:11.000+0000
a03oB000000G3uyQAC,Unit 1811 - Sellwood,,a00oB000000mSNQQA2,3000,FALSE,2,Patio;Washer/Dryer;Fitness Center,,2026-02-20T20:35:11.000+0000,2026-02-20T20:35:11.000+0000
a03oB000000G3uzQAC,Unit 1812 - West Seattle,001oB00000JcW6VQAV,a00oB000000mSNmQAM,2900,TRUE,2,,,2026-02-20T20:35:11.000+0000,2026-02-20T20:35:11.000+0000
a03oB000000G3v0QAC,Unit 1813 - Financial District,,a00oB000000mSNDQA2,2950,FALSE,1,Washer/Dryer,,2026-02-20T20:35:11.000+0000,2026-02-20T20:35:11.000+0000
a03oB000000G3v1QAC,Unit 1814 - Foster-Powell,001oB00000JcW9mQAF,a00oB000000mSNWQA2,3550,TRUE,3,Hardwood Floors;Fitness Center,,2026-02-20T20:35:11.000+0000,2026-02-20T20:35:11.000+0000
a03oB000000G3v2QAC,Unit 1815 - University District,,a00oB000000mSNdQAM,3500,FALSE,2,Patio;Washer/Dryer;Fitness Center,,2026-02-20T20:35:11.000+0000,2026-02-20T20:35:11.000+0000
a03oB000000G3v3QAC,Unit 1816 - Financial District,001oB00000JcW9uQAF,a00oB000000mSNDQA2,2800,TRUE,1,,,2026-02-20T20:35:11.000+0000,2026-02-20T20:35:11.000+0000
a03oB000000G3v4QAC,Unit 1817 - Mississippi Avenue,,a00oB000000mSNNQA2,3350,FALSE,3,Washer/Dryer,,2026-02-20T20:35:11.000+0000,2026-02-20T20:35:11.000+0000
a03oB000000G3v5QAC,Unit 1818 - Madison Park,001oB00000JcWAiQAN,a00oB000000mSNjQAM,3250,TRUE,2,Hardwood Floors;Fitness Center,,2026-02-20T20:35:11.000+0000,2026-02-20T20:35:11.000+0000
a03oB000000G3v6QAC,Unit 1819 - Financial District,,a00oB000000mSNDQA2,3400,FALSE,1,Patio;Washer/Dryer;Fitness Center,,2026-02-20T20:35:11.000+0000,2026-02-20T20:35:11.000+0000
a03oB000000G3v7QAC,Unit 1820 - Irvington,001oB00000JcW9jQAF,a00oB000000mSNTQA2,1800,TRUE,1,,,2026-02-20T20:35:11.000+0000,2026-02-20T20:35:11.000+0000
a03oB000000G3v8QAC,Unit 1821 - Ballard,,a00oB000000mSNaQAM,3050,FALSE,2,Washer/Dryer,,2026-02-20T20:35:11.000+0000,2026-02-20T20:35:11.000+0000
a03oB000000G3v9QAC,Unit 1822 - Financial District,001oB00000JcW5kQAF,a00oB000000mSNDQA2,3950,TRUE,2,Hardwood Floors;Fitness Center,,2026-02-20T20:35:11.000+0000,2026-02-20T20:35:11.000+0000
a03oB000000G3vAQAS,Unit 1823 - Alberta Arts District,,a00oB000000mSNKQA2,2400,FALSE,1,Patio;Washer/Dryer;Fitness Center,,2026-02-20T20:35:11.000+0000,2026-02-20T20:35:11.000+0000
a03oB000000G3vBQAS,Unit 1824 - Belltown,001oB00000JcWA8QAN,a00oB000000mSNgQAM,3800,TRUE,3,,,2026-02-20T20:35:11.000+0000,2026-02-20T20:35:11.000+0000
a03oB000000G3vCQAS,Unit 1825 - Financial District,,a00oB000000mSNDQA2,3750,FALSE,2,Washer/Dryer,,2026-02-20T20:35:11.000+0000,2026-02-20T20:35:11.000+0000
a03oB000000G3vDQAS,Unit 1826 - Sellwood,001oB00000JcW9gQAF,a00oB000000mSNQQA2,2150,TRUE,1,Hardwood Floors;Fitness Center,,2026-02-20T20:35:11.000+0000,2026-02-20T20:35:11.000+0000
a03oB000000G3vEQAS,Unit 1827 - West Seattle,,a00oB000000mSNmQAM,4400,FALSE,3,Patio;Washer/Dryer;Fitness Center,,2026-02-20T20:35:11.000+0000,2026-02-20T20:35:11.000+0000
a03oB000000G3vFQAS,Unit 1828 - Financial District,001oB00000JcW8SQAV,a00oB000000mSNDQA2,3600,TRUE,2,,,2026-02-20T20:35:11.000+0000,2026-02-20T20:35:11.000+0000
a03oB000000G3vGQAS,Unit 1829 - Foster-Powell,,a00oB000000mSNWQA2,1950,FALSE,1,Washer/Dryer,,2026-02-20T20:35:11.000+0000,2026-02-20T20:35:11.000+0000
a03oB000000G3vHQAS,Unit 1830 - University District,001oB00000JcWAlQAN,a00oB000000mSNdQAM,2550,TRUE,1,Hardwood Floors;Fitness Center,,2026-02-20T20:35:11.000+0000,2026-02-20T20:35:11.000+0000
a03oB000000G3vIQAS,Unit 1831 - Financial District,,a00oB000000mSNDQA2,4200,FALSE,2,Patio;Washer/Dryer;Fitness Center,,2026-02-20T20:35:11.000+0000,2026-02-20T20:35:11.000+0000
a03oB000000G3vJQAS,Unit 1832 - Mississippi Avenue,001oB00000JcW9dQAF,a00oB000000mSNNQA2,2400,TRUE,2,,,2026-02-20T20:35:11.000+0000,2026-02-20T20:35:11.000+0000
a03oB000000G3vKQAS,Unit 1833 - Madison Park,,a00oB000000mSNjQAM,2350,FALSE,1,Washer/Dryer,,2026-02-20T20:35:11.000+0000,2026-02-20T20:35:11.000+0000
a03oB000000G3vLQAS,Unit 1834 - Financial District,001oB00000JcW8VQAV,a00oB000000mSNDQA2,5150,TRUE,3,Hardwood Floors;Fitness Center,,2026-02-20T20:35:11.000+0000,2026-02-20T20:35:11.000+0000
a03oB000000G3vMQAS,Unit 1835 - Irvington,,a00oB000000mSNTQA2,3000,FALSE,2,Patio;Washer/Dryer;Fitness Center,,2026-02-20T20:35:11.000+0000,2026-02-20T20:35:11.000+0000
a03oB000000G3vNQAS,Unit 1836 - Ballard,001oB00000JcWA5QAN,a00oB000000mSNaQAM,2200,TRUE,1,,,2026-02-20T20:35:11.000+0000,2026-02-20T20:35:11.000+0000
a03oB000000G3vOQAS,Unit 1837 - Financial District,,a00oB000000mSNDQA2,4950,FALSE,3,Washer/Dryer,,2026-02-20T20:35:11.000+0000,2026-02-20T20:35:11.000+0000
a03oB000000G3vPQAS,Unit 1838 - Alberta Arts District,001oB00000JcW9aQAF,a00oB000000mSNKQA2,2750,TRUE,2,Hardwood Floors;Fitness Center,,2026-02-20T20:35:11.000+0000,2026-02-20T20:35:11.000+0000
a03oB000000G3vQQAS,Unit 1839 - Belltown,,a00oB000000mSNgQAM,2800,FALSE,1,Patio;Washer/Dryer;Fitness Center,,2026-02-20T20:35:11.000+0000,2026-02-20T20:35:11.000+0000
a03oB000000G3vRQAS,Unit 1840 - Financial District,001oB00000JcW5hQAF,a00oB000000mSNDQA2,2800,TRUE,1,,,2026-02-20T20:35:11.000+0000,2026-02-20T20:35:11.000+0000
a03oB000000G3vSQAS,Unit 1841 - Sellwood,,a00oB000000mSNQQA2,2550,FALSE,2,Washer/Dryer,,2026-02-20T20:35:11.000+0000,2026-02-20T20:35:11.000+0000
a03oB000000G3vTQAS,Unit 1842 - West Seattle,001oB00000JcW7fQAF,a00oB000000mSNmQAM,3250,TRUE,2,Hardwood Floors;Fitness Center,,2026-02-20T20:35:11.000+0000,2026-02-20T20:35:11.000+0000
a03oB000000G3vUQAS,Unit 1843 - Financial District,,a00oB000000mSNDQA2,3400,FALSE,1,Patio;Washer/Dryer;Fitness Center,,2026-02-20T20:35:11.000+0000,2026-02-20T20:35:11.000+0000
a03oB000000G3vVQAS,Unit 1844 - Foster-Powell,001oB00000JcW9XQAV,a00oB000000mSNWQA2,3200,TRUE,3,,,2026-02-20T20:35:11.000+0000,2026-02-20T20:35:11.000+0000
a03oB000000G3vWQAS,Unit 1845 - University District,,a00oB000000mSNdQAM,3050,FALSE,2,Washer/Dryer,,2026-02-20T20:35:11.000+0000,2026-02-20T20:35:11.000+0000
a03oB000000G3vXQAS,Unit 1846 - Financial District,001oB00000JcW8YQAV,a00oB000000mSNDQA2,3150,TRUE,1,Hardwood Floors;Fitness Center,,2026-02-20T20:35:11.000+0000,2026-02-20T20:35:11.000+0000
a03oB000000G3vYQAS,Unit 1847 - Mississippi Avenue,,a00oB000000mSNNQA2,3800,FALSE,3,Patio;Washer/Dryer;Fitness Center,,2026-02-20T20:35:11.000+0000,2026-02-20T20:35:11.000+0000
a03oB000000G3vZQAS,Unit 1848 - Madison Park,001oB00000JcWAoQAN,a00oB000000mSNjQAM,2900,TRUE,2,,,2026-02-20T20:35:11.000+0000,2026-02-20T20:35:11.000+0000
a03oB000000G3vaQAC,Unit 1849 - Financial District,,a00oB000000mSNDQA2,2950,FALSE,1,Washer/Dryer,,2026-02-20T20:35:11.000+0000,2026-02-20T20:35:11.000+0000
a03oB000000G3vbQAC,Unit 1850 - Irvington,001oB00000JcW9UQAV,a00oB000000mSNTQA2,2150,TRUE,1,Hardwood Floors;Fitness Center,,2026-02-20T20:35:11.000+0000,2026-02-20T20:35:11.000+0000
a03oB000000G3vcQAC,Unit 1851 - Ballard,,a00oB000000mSNaQAM,3500,FALSE,2,Patio;Washer/Dryer;Fitness Center,,2026-02-20T20:35:11.000+0000,2026-02-20T20:35:11.000+0000
a03oB000000G3vdQAC,Unit 1852 - Financial District,001oB00000JcW8bQAF,a00oB000000mSNDQA2,3600,TRUE,2,,,2026-02-20T20:35:11.000+0000,2026-02-20T20:35:11.000+0000
a03oB000000G3veQAC,Unit 1853 - Alberta Arts District,,a00oB000000mSNKQA2,1950,FALSE,1,Washer/Dryer,,2026-02-20T20:35:11.000+0000,2026-02-20T20:35:11.000+0000
a03oB000000G3vfQAC,Unit 1854 - Belltown,001oB00000JcWA2QAN,a00oB000000mSNgQAM,4150,TRUE,3,Hardwood Floors;Fitness Center,,2026-02-20T20:35:11.000+0000,2026-02-20T20:35:11.000+0000
a03oB000000G3vgQAC,Unit 1855 - Financial District,,a00oB000000mSNDQA2,4200,FALSE,2,Patio;Washer/Dryer;Fitness Center,,2026-02-20T20:35:11.000+0000,2026-02-20T20:35:11.000+0000
a03oB000000G3vhQAC,Unit 1856 - Sellwood,001oB00000JcW9RQAV,a00oB000000mSNQQA2,1800,TRUE,1,,,2026-02-20T20:35:11.000+0000,2026-02-20T20:35:11.000+0000
a03oB000000G3viQAC,Unit 1857 - West Seattle,,a00oB000000mSNmQAM,3950,FALSE,3,Washer/Dryer,,2026-02-20T20:35:11.000+0000,2026-02-20T20:35:11.000+0000
a03oB000000G3vjQAC,Unit 1858 - Financial District,001oB00000JcW5eQAF,a00oB000000mSNDQA2,3950,TRUE,2,Hardwood Floors;Fitness Center,,2026-02-20T20:35:11.000+0000,2026-02-20T20:35:11.000+0000
a03oB000000G3vkQAC,Unit 1859 - Foster-Powell,,a00oB000000mSNWQA2,2400,FALSE,1,Patio;Washer/Dryer;Fitness Center,,2026-02-20T20:35:11.000+0000,2026-02-20T20:35:11.000+0000
a03oB000000G3vlQAC,Unit 1860 - University District,001oB00000JcW6nQAF,a00oB000000mSNdQAM,2200,TRUE,1,,,2026-02-20T20:35:11.000+0000,2026-02-20T20:35:11.000+0000
a03oB000000G3vmQAC,Unit 1861 - Financial District,,a00oB000000mSNDQA2,3750,FALSE,2,Washer/Dryer,,2026-02-20T20:35:11.000+0000,2026-02-20T20:35:11.000+0000
a03oB000000G3vnQAC,Unit 1862 - Mississippi Avenue,001oB00000JcW9OQAV,a00oB000000mSNNQA2,2750,TRUE,2,Hardwood Floors;Fitness Center,,2026-02-20T20:35:11.000+0000,2026-02-20T20:35:11.000+0000
a03oB000000G3voQAC,Unit 1863 - Madison Park,,a00oB000000mSNjQAM,2800,FALSE,1,Patio;Washer/Dryer;Fitness Center,,2026-02-20T20:35:11.000+0000,2026-02-20T20:35:11.000+0000
a03oB000000G3vpQAC,Unit 1864 - Financial District,001oB00000JcW8eQAF,a00oB000000mSNDQA2,4800,TRUE,3,,,2026-02-20T20:35:11.000+0000,2026-02-20T20:35:11.000+0000
a03oB000000G3vqQAC,Unit 1865 - Irvington,,a00oB000000mSNTQA2,2550,FALSE,2,Washer/Dryer,,2026-02-20T20:35:11.000+0000,2026-02-20T20:35:11.000+0000
a03oB000000G3vrQAC,Unit 1866 - Ballard,001oB00000JcWArQAN,a00oB000000mSNaQAM,2550,TRUE,1,Hardwood Floors;Fitness Center,,2026-02-20T20:35:11.000+0000,2026-02-20T20:35:11.000+0000
a03oB000000G3vsQAC,Unit 1867 - Financial District,,a00oB000000mSNDQA2,5400,FALSE,3,Patio;Washer/Dryer;Fitness Center,,2026-02-20T20:35:11.000+0000,2026-02-20T20:35:11.000+0000
a03oB000000G3vtQAC,Unit 1868 - Alberta Arts District,001oB00000JcW9LQAV,a00oB000000mSNKQA2,2400,TRUE,2,,,2026-02-20T20:35:11.000+0000,2026-02-20T20:35:11.000+0000
a03oB000000G3vuQAC,Unit 1869 - Belltown,,a00oB000000mSNgQAM,2350,FALSE,1,Washer/Dryer,,2026-02-20T20:35:11.000+0000,2026-02-20T20:35:11.000+0000
a03oB000000G3vvQAC,Unit 1870 - Financial District,001oB00000JcW8hQAF,a00oB000000mSNDQA2,3150,TRUE,1,Hardwood Floors;Fitness Center,,2026-02-20T20:35:11.000+0000,2026-02-20T20:35:11.000+0000
a03oB000000G3vwQAC,Unit 1871 - Sellwood,,a00oB000000mSNQQA2,3000,FALSE,2,Patio;Washer/Dryer;Fitness Center,,2026-02-20T20:35:11.000+0000,2026-02-20T20:35:11.000+0000
a03oB000000G3vxQAC,Unit 1872 - West Seattle,001oB00000JcW9zQAF,a00oB000000mSNmQAM,2900,TRUE,2,,,2026-02-20T20:35:11.000+0000,2026-02-20T20:35:11.000+0000
a03oB000000G3vyQAC,Unit 1873 - Financial District,,a00oB000000mSNDQA2,2950,FALSE,1,Washer/Dryer,,2026-02-20T20:35:11.000+0000,2026-02-20T20:35:11.000+0000
a03oB000000G3vzQAC,Unit 1874 - Foster-Powell,001oB00000JcW9IQAV,a00oB000000mSNWQA2,3550,TRUE,3,Hardwood Floors;Fitness Center,,2026-02-20T20:35:11.000+0000,2026-02-20T20:35:11.000+0000
a03oB000000G3w0QAC,Unit 1875 - University District,,a00oB000000mSNdQAM,3500,FALSE,2,Patio;Washer/Dryer;Fitness Center,,2026-02-20T20:35:11.000+0000,2026-02-20T20:35:11.000+0000
a03oB000000G3w1QAC,Unit 1876 - Financial District,001oB00000JcW5bQAF,a00oB000000mSNDQA2,2800,TRUE,1,,,2026-02-20T20:35:11.000+0000,2026-02-20T20:35:11.000+0000
a03oB000000G3w2QAC,Unit 1877 - Mississippi Avenue,,a00oB000000mSNNQA2,3350,FALSE,3,Washer/Dryer,,2026-02-20T20:35:11.000+0000,2026-02-20T20:35:11.000+0000
a03oB000000G3w3QAC,Unit 1878 - Madison Park,001oB00000JcWAuQAN,a00oB000000mSNjQAM,3250,TRUE,2,Hardwood Floors;Fitness Center,,2026-02-20T20:35:11.000+0000,2026-02-20T20:35:11.000+0000
a03oB000000G3w4QAC,Unit 1879 - Financial District,,a00oB000000mSNDQA2,3400,FALSE,1,Patio;Washer/Dryer;Fitness Center,,2026-02-20T20:35:11.000+0000,2026-02-20T20:35:11.000+0000
a03oB000000G3w5QAC,Unit 1880 - Irvington,001oB00000JcW9FQAV,a00oB000000mSNTQA2,1800,TRUE,1,,,2026-02-20T20:35:11.000+0000,2026-02-20T20:35:11.000+0000
a03oB000000G3w6QAC,Unit 1881 - Ballard,,a00oB000000mSNaQAM,3050,FALSE,2,Washer/Dryer,,2026-02-20T20:35:11.000+0000,2026-02-20T20:35:11.000+0000
a03oB000000G3w7QAC,Unit 1882 - Financial District,001oB00000JcW8kQAF,a00oB000000mSNDQA2,3950,TRUE,2,Hardwood Floors;Fitness Center,,2026-02-20T20:35:11.000+0000,2026-02-20T20:35:11.000+0000
a03oB000000G3w8QAC,Unit 1883 - Alberta Arts District,,a00oB000000mSNKQA2,2400,FALSE,1,Patio;Washer/Dryer;Fitness Center,,2026-02-20T20:35:11.000+0000,2026-02-20T20:35:11.000+0000
a03oB000000G3w9QAC,Unit 1884 - Belltown,001oB00000JcW9wQAF,a00oB000000mSNgQAM,3800,TRUE,3,,,2026-02-20T20:35:11.000+0000,2026-02-20T20:35:11.000+0000
a03oB000000G3wAQAS,Unit 1885 - Financial District,,a00oB000000mSNDQA2,3750,FALSE,2,Washer/Dryer,,2026-02-20T20:35:11.000+0000,2026-02-20T20:35:11.000+0000
a03oB000000G3wBQAS,Unit 1886 - Sellwood,001oB00000JcW9CQAV,a00oB000000mSNQQA2,2150,TRUE,1,Hardwood Floors;Fitness Center,,2026-02-20T20:35:11.000+0000,2026-02-20T20:35:11.000+0000
a03oB000000G3wCQAS,Unit 1887 - West Seattle,,a00oB000000mSNmQAM,4400,FALSE,3,Patio;Washer/Dryer;Fitness Center,,2026-02-20T20:35:11.000+0000,2026-02-20T20:35:11.000+0000
a03oB000000G3wDQAS,Unit 1888 - Financial District,001oB00000JcW8nQAF,a00oB000000mSNDQA2,3600,TRUE,2,,,2026-02-20T20:35:11.000+0000,2026-02-20T20:35:11.000+0000
a03oB000000G3wEQAS,Unit 1889 - Foster-Powell,,a00oB000000mSNWQA2,1950,FALSE,1,Washer/Dryer,,2026-02-20T20:35:11.000+0000,2026-02-20T20:35:11.000+0000
a03oB000000G3wFQAS,Unit 1890 - University District,001oB00000JcW7cQAF,a00oB000000mSNdQAM,2550,TRUE,1,Hardwood Floors;Fitness Center,,2026-02-20T20:35:11.000+0000,2026-02-20T20:35:11.000+0000
a03oB000000G3wGQAS,Unit 1891 - Financial District,,a00oB000000mSNDQA2,4200,FALSE,2,Patio;Washer/Dryer;Fitness Center,,2026-02-20T20:35:11.000+0000,2026-02-20T20:35:11.000+0000
a03oB000000G3wHQAS,Unit 1892 - Mississippi Avenue,001oB00000JcW99QAF,a00oB000000mSNNQA2,2400,TRUE,2,,,2026-02-20T20:35:11.000+0000,2026-02-20T20:35:11.000+0000
a03oB000000G3wIQAS,Unit 1893 - Madison Park,,a00oB000000mSNjQAM,2350,FALSE,1,Washer/Dryer,,2026-02-20T20:35:11.000+0000,2026-02-20T20:35:11.000+0000
a03oB000000G3wJQAS,Unit 1894 - Financial District,001oB00000JcW6fQAF,a00oB000000mSNDQA2,5150,TRUE,3,Hardwood Floors;Fitness Center,,2026-02-20T20:35:11.000+0000,2026-02-20T20:35:11.000+0000
a03oB000000G3wKQAS,Unit 1895 - Irvington,,a00oB000000mSNTQA2,3000,FALSE,2,Patio;Washer/Dryer;Fitness Center,,2026-02-20T20:35:11.000+0000,2026-02-20T20:35:11.000+0000
a03oB000000G3wLQAS,Unit 1896 - Ballard,001oB00000JcWAxQAN,a00oB000000mSNaQAM,2200,TRUE,1,,,2026-02-20T20:35:11.000+0000,2026-02-20T20:35:11.000+0000
a03oB000000G3wMQAS,Unit 1897 - Financial District,,a00oB000000mSNDQA2,4950,FALSE,3,Washer/Dryer,,2026-02-20T20:35:11.000+0000,2026-02-20T20:35:11.000+0000
a03oB000000G3wNQAS,Unit 1898 - Alberta Arts District,001oB00000JcW96QAF,a00oB000000mSNKQA2,2750,TRUE,2,Hardwood Floors;Fitness Center,,2026-02-20T20:35:11.000+0000,2026-02-20T20:35:11.000+0000
a03oB000000G3wOQAS,Unit 1899 - Belltown,,a00oB000000mSNgQAM,2800,FALSE,1,Patio;Washer/Dryer;Fitness Center,,2026-02-20T20:35:11.000+0000,2026-02-20T20:35:11.000+0000
a03oB000000G3wPQAS,Unit 1900 - Financial District,001oB00000JcW8qQAF,a00oB000000mSNDQA2,2800,TRUE,1,,,2026-02-20T20:35:11.000+0000,2026-02-20T20:35:11.000+0000
a03oB000000G3wQQAS,Unit 1901 - Sellwood,,a00oB000000mSNQQA2,2550,FALSE,2,Washer/Dryer,,2026-02-20T20:35:11.000+0000,2026-02-20T20:35:11.000+0000
a03oB000000G3wRQAS,Unit 1902 - West Seattle,001oB00000JcW9tQAF,a00oB000000mSNmQAM,3250,TRUE,2,Hardwood Floors;Fitness Center,,2026-02-20T20:35:11.000+0000,2026-02-20T20:35:11.000+0000
a03oB000000G3wSQAS,Unit 1903 - Financial District,,a00oB000000mSNDQA2,3400,FALSE,1,Patio;Washer/Dryer;Fitness Center,,2026-02-20T20:35:11.000+0000,2026-02-20T20:35:11.000+0000
a03oB000000G3wTQAS,Unit 1904 - Foster-Powell,001oB00000JcW93QAF,a00oB000000mSNWQA2,3200,TRUE,3,,,2026-02-20T20:35:11.000+0000,2026-02-20T20:35:11.000+0000
a03oB000000G3wUQAS,Unit 1905 - University District,,a00oB000000mSNdQAM,3050,FALSE,2,Washer/Dryer,,2026-02-20T20:35:11.000+0000,2026-02-20T20:35:11.000+0000
a03oB000000G3wVQAS,Unit 1906 - Financial District,001oB00000JcW6cQAF,a00oB000000mSNDQA2,3150,TRUE,1,Hardwood Floors;Fitness Center,,2026-02-20T20:35:11.000+0000,2026-02-20T20:35:11.000+0000
a03oB000000G3wWQAS,Unit 1907 - Mississippi Avenue,,a00oB000000mSNNQA2,3800,FALSE,3,Patio;Washer/Dryer;Fitness Center,,2026-02-20T20:35:11.000+0000,2026-02-20T20:35:11.000+0000
a03oB000000G3wXQAS,Unit 1908 - Madison Park,001oB00000JcWB0QAN,a00oB000000mSNjQAM,2900,TRUE,2,,,2026-02-20T20:35:11.000+0000,2026-02-20T20:35:11.000+0000
a03oB000000G3wYQAS,Unit 1909 - Financial District,,a00oB000000mSNDQA2,2950,FALSE,1,Washer/Dryer,,2026-02-20T20:35:11.000+0000,2026-02-20T20:35:11.000+0000
a03oB000000G3wZQAS,Unit 1910 - Irvington,001oB00000JcW90QAF,a00oB000000mSNTQA2,2150,TRUE,1,Hardwood Floors;Fitness Center,,2026-02-20T20:35:11.000+0000,2026-02-20T20:35:11.000+0000
a03oB000000G3waQAC,Unit 1911 - Ballard,,a00oB000000mSNaQAM,3500,FALSE,2,Patio;Washer/Dryer;Fitness Center,,2026-02-20T20:35:11.000+0000,2026-02-20T20:35:11.000+0000
a03oB000000G3wbQAC,Unit 1912 - Financial District,001oB00000JcWBzQAN,a00oB000000mSNDQA2,3600,TRUE,2,,,2026-02-20T20:35:11.000+0000,2026-02-20T20:35:11.000+0000
a03oB000000G3wcQAC,Unit 1913 - Alberta Arts District,,a00oB000000mSNKQA2,1950,FALSE,1,Washer/Dryer,,2026-02-20T20:35:11.000+0000,2026-02-20T20:35:11.000+0000
a03oB000000G3wdQAC,Unit 1914 - Belltown,001oB00000JcW9qQAF,a00oB000000mSNgQAM,4150,TRUE,3,Hardwood Floors;Fitness Center,,2026-02-20T20:35:11.000+0000,2026-02-20T20:35:11.000+0000
a03oB000000G3weQAC,Unit 1915 - Financial District,,a00oB000000mSNDQA2,4200,FALSE,2,Patio;Washer/Dryer;Fitness Center,,2026-02-20T20:35:11.000+0000,2026-02-20T20:35:11.000+0000
a03oB000000G3wfQAC,Unit 1916 - Sellwood,001oB00000JcW8xQAF,a00oB000000mSNQQA2,1800,TRUE,1,,,2026-02-20T20:35:11.000+0000,2026-02-20T20:35:11.000+0000
a03oB000000G3wgQAC,Unit 1917 - West Seattle,,a00oB000000mSNmQAM,3950,FALSE,3,Washer/Dryer,,2026-02-20T20:35:11.000+0000,2026-02-20T20:35:11.000+0000
a03oB000000G3whQAC,Unit 1918 - Financial District,001oB00000JcW8tQAF,a00oB000000mSNDQA2,3950,TRUE,2,Hardwood Floors;Fitness Center,,2026-02-20T20:35:11.000+0000,2026-02-20T20:35:11.000+0000
a03oB000000G3wiQAC,Unit 1919 - Foster-Powell,,a00oB000000mSNWQA2,2400,FALSE,1,Patio;Washer/Dryer;Fitness Center,,2026-02-20T20:35:11.000+0000,2026-02-20T20:35:11.000+0000
a03oB000000G3wjQAC,Unit 1920 - University District,001oB00000JcWB3QAN,a00oB000000mSNdQAM,2200,TRUE,1,,,2026-02-20T20:35:11.000+0000,2026-02-20T20:35:11.000+0000
a03oB000000G3wkQAC,Unit 1921 - Financial District,,a00oB000000mSNDQA2,3750,FALSE,2,Washer/Dryer,,2026-02-20T20:35:11.000+0000,2026-02-20T20:35:11.000+0000
a03oB000000G3wlQAC,Unit 1922 - Mississippi Avenue,001oB00000JcW8uQAF,a00oB000000mSNNQA2,2750,TRUE,2,Hardwood Floors;Fitness Center,,2026-02-20T20:35:11.000+0000,2026-02-20T20:35:11.000+0000
a03oB000000G3wmQAC,Unit 1923 - Madison Park,,a00oB000000mSNjQAM,2800,FALSE,1,Patio;Washer/Dryer;Fitness Center,,2026-02-20T20:35:11.000+0000,2026-02-20T20:35:11.000+0000
a03oB000000G3wnQAC,Unit 1924 - Financial District,001oB00000JcWBwQAN,a00oB000000mSNDQA2,4800,TRUE,3,,,2026-02-20T20:35:11.000+0000,2026-02-20T20:35:11.000+0000
a03oB000000G3woQAC,Unit 1925 - Irvington,,a00oB000000mSNTQA2,2550,FALSE,2,Washer/Dryer,,2026-02-20T20:35:11.000+0000,2026-02-20T20:35:11.000+0000
a03oB000000G3wpQAC,Unit 1926 - Ballard,001oB00000JcW9nQAF,a00oB000000mSNaQAM,2550,TRUE,1,Hardwood Floors;Fitness Center,,2026-02-20T20:35:11.000+0000,2026-02-20T20:35:11.000+0000
a03oB000000G3wqQAC,Unit 1927 - Financial District,,a00oB000000mSNDQA2,5400,FALSE,3,Patio;Washer/Dryer;Fitness Center,,2026-02-20T20:35:11.000+0000,2026-02-20T20:35:11.000+0000
a03oB000000G3wrQAC,Unit 1928 - Alberta Arts District,001oB00000JcW8rQAF,a00oB000000mSNKQA2,2400,TRUE,2,,,2026-02-20T20:35:11.000+0000,2026-02-20T20:35:11.000+0000
a03oB000000G3wsQAC,Unit 1929 - Belltown,,a00oB000000mSNgQAM,2350,FALSE,1,Washer/Dryer,,2026-02-20T20:35:11.000+0000,2026-02-20T20:35:11.000+0000
a03oB000000G3wtQAC,Unit 1930 - Financial District,001oB00000JcW8wQAF,a00oB000000mSNDQA2,3150,TRUE,1,Hardwood Floors;Fitness Center,,2026-02-20T20:35:11.000+0000,2026-02-20T20:35:11.000+0000
a03oB000000G3wuQAC,Unit 1931 - Sellwood,,a00oB000000mSNQQA2,3000,FALSE,2,Patio;Washer/Dryer;Fitness Center,,2026-02-20T20:35:11.000+0000,2026-02-20T20:35:11.000+0000
a03oB000000G3wvQAC,Unit 1932 - West Seattle,001oB00000JcW6AQAV,a00oB000000mSNmQAM,2900,TRUE,2,,,2026-02-20T20:35:11.000+0000,2026-02-20T20:35:11.000+0000
a03oB000000G3wwQAC,Unit 1933 - Financial District,,a00oB000000mSNDQA2,2950,FALSE,1,Washer/Dryer,,2026-02-20T20:35:11.000+0000,2026-02-20T20:35:11.000+0000
a03oB000000G3wxQAC,Unit 1934 - Foster-Powell,001oB00000JcW8oQAF,a00oB000000mSNWQA2,3550,TRUE,3,Hardwood Floors;Fitness Center,,2026-02-20T20:35:11.000+0000,2026-02-20T20:35:11.000+0000
a03oB000000G3wyQAC,Unit 1935 - University District,,a00oB000000mSNdQAM,3500,FALSE,2,Patio;Washer/Dryer;Fitness Center,,2026-02-20T20:35:11.000+0000,2026-02-20T20:35:11.000+0000
a03oB000000G3wzQAC,Unit 1936 - Financial District,001oB00000JcW6iQAF,a00oB000000mSNDQA2,2800,TRUE,1,,,2026-02-20T20:35:11.000+0000,2026-02-20T20:35:11.000+0000
a03oB000000G3x0QAC,Unit 1937 - Mississippi Avenue,,a00oB000000mSNNQA2,3350,FALSE,3,Washer/Dryer,,2026-02-20T20:35:11.000+0000,2026-02-20T20:35:11.000+0000
a03oB000000G3x1QAC,Unit 1938 - Madison Park,001oB00000JcWB6QAN,a00oB000000mSNjQAM,3250,TRUE,2,Hardwood Floors;Fitness Center,,2026-02-20T20:35:11.000+0000,2026-02-20T20:35:11.000+0000
a03oB000000G3x2QAC,Unit 1939 - Financial District,,a00oB000000mSNDQA2,3400,FALSE,1,Patio;Washer/Dryer;Fitness Center,,2026-02-20T20:35:11.000+0000,2026-02-20T20:35:11.000+0000
a03oB000000G3x3QAC,Unit 1940 - Irvington,001oB00000JcW5ZQAV,a00oB000000mSNTQA2,1800,TRUE,1,,,2026-02-20T20:35:11.000+0000,2026-02-20T20:35:11.000+0000
a03oB000000G3x4QAC,Unit 1941 - Ballard,,a00oB000000mSNaQAM,3050,FALSE,2,Washer/Dryer,,2026-02-20T20:35:11.000+0000,2026-02-20T20:35:11.000+0000
a03oB000000G3x5QAC,Unit 1942 - Financial District,001oB00000JcWBtQAN,a00oB000000mSNDQA2,3950,TRUE,2,Hardwood Floors;Fitness Center,,2026-02-20T20:35:11.000+0000,2026-02-20T20:35:11.000+0000
a03oB000000G3x6QAC,Unit 1943 - Alberta Arts District,,a00oB000000mSNKQA2,2400,FALSE,1,Patio;Washer/Dryer;Fitness Center,,2026-02-20T20:35:11.000+0000,2026-02-20T20:35:11.000+0000
a03oB000000G3x7QAC,Unit 1944 - Belltown,001oB00000JcW9kQAF,a00oB000000mSNgQAM,3800,TRUE,3,,,2026-02-20T20:35:11.000+0000,2026-02-20T20:35:11.000+0000
a03oB000000G3x8QAC,Unit 1945 - Financial District,,a00oB000000mSNDQA2,3750,FALSE,2,Washer/Dryer,,2026-02-20T20:35:11.000+0000,2026-02-20T20:35:11.000+0000
a03oB000000G3x9QAC,Unit 1946 - Sellwood,001oB00000JcW8lQAF,a00oB000000mSNQQA2,2150,TRUE,1,Hardwood Floors;Fitness Center,,2026-02-20T20:35:11.000+0000,2026-02-20T20:35:11.000+0000
a03oB000000G3xAQAS,Unit 1947 - West Seattle,,a00oB000000mSNmQAM,4400,FALSE,3,Patio;Washer/Dryer;Fitness Center,,2026-02-20T20:35:11.000+0000,2026-02-20T20:35:11.000+0000
a03oB000000G3xBQAS,Unit 1948 - Financial District,001oB00000JcW8zQAF,a00oB000000mSNDQA2,3600,TRUE,2,,,2026-02-20T20:35:11.000+0000,2026-02-20T20:35:11.000+0000
a03oB000000G3xCQAS,Unit 1949 - Foster-Powell,,a00oB000000mSNWQA2,1950,FALSE,1,Washer/Dryer,,2026-02-20T20:35:11.000+0000,2026-02-20T20:35:11.000+0000
a03oB000000G3xDQAS,Unit 1950 - University District,001oB00000JcW6zQAF,a00oB000000mSNdQAM,2550,TRUE,1,Hardwood Floors;Fitness Center,,2026-02-20T20:35:11.000+0000,2026-02-20T20:35:11.000+0000
a03oB000000G3xEQAS,Unit 1951 - Financial District,,a00oB000000mSNDQA2,4200,FALSE,2,Patio;Washer/Dryer;Fitness Center,,2026-02-20T20:35:11.000+0000,2026-02-20T20:35:11.000+0000
a03oB000000G3xFQAS,Unit 1952 - Mississippi Avenue,001oB00000JcW8iQAF,a00oB000000mSNNQA2,2400,TRUE,2,,,2026-02-20T20:35:11.000+0000,2026-02-20T20:35:11.000+0000
a03oB000000G3xGQAS,Unit 1953 - Madison Park,,a00oB000000mSNjQAM,2350,FALSE,1,Washer/Dryer,,2026-02-20T20:35:11.000+0000,2026-02-20T20:35:11.000+0000
a03oB000000G3xHQAS,Unit 1954 - Financial District,001oB00000JcWBqQAN,a00oB000000mSNDQA2,5150,TRUE,3,Hardwood Floors;Fitness Center,,2026-02-20T20:35:11.000+0000,2026-02-20T20:35:11.000+0000
a03oB000000G3xIQAS,Unit 1955 - Irvington,,a00oB000000mSNTQA2,3000,FALSE,2,Patio;Washer/Dryer;Fitness Center,,2026-02-20T20:35:11.000+0000,2026-02-20T20:35:11.000+0000
a03oB000000G3xJQAS,Unit 1956 - Ballard,001oB00000JcWB9QAN,a00oB000000mSNaQAM,2200,TRUE,1,,,2026-02-20T20:35:11.000+0000,2026-02-20T20:35:11.000+0000
a03oB000000G3xKQAS,Unit 1957 - Financial District,,a00oB000000mSNDQA2,4950,FALSE,3,Washer/Dryer,,2026-02-20T20:35:11.000+0000,2026-02-20T20:35:11.000+0000
a03oB000000G3xLQAS,Unit 1958 - Alberta Arts District,001oB00000JcW5cQAF,a00oB000000mSNKQA2,2750,TRUE,2,Hardwood Floors;Fitness Center,,2026-02-20T20:35:11.000+0000,2026-02-20T20:35:11.000+0000
a03oB000000G3xMQAS,Unit 1959 - Belltown,,a00oB000000mSNgQAM,2800,FALSE,1,Patio;Washer/Dryer;Fitness Center,,2026-02-20T20:35:11.000+0000,2026-02-20T20:35:11.000+0000
a03oB000000G3xNQAS,Unit 1960 - Financial District,001oB00000JcW92QAF,a00oB000000mSNDQA2,2800,TRUE,1,,,2026-02-20T20:35:11.000+0000,2026-02-20T20:35:11.000+0000
a03oB000000G3xOQAS,Unit 1961 - Sellwood,,a00oB000000mSNQQA2,2550,FALSE,2,Washer/Dryer,,2026-02-20T20:35:11.000+0000,2026-02-20T20:35:11.000+0000
a03oB000000G3xPQAS,Unit 1962 - West Seattle,001oB00000JcW9hQAF,a00oB000000mSNmQAM,3250,TRUE,2,Hardwood Floors;Fitness Center,,2026-02-20T20:35:11.000+0000,2026-02-20T20:35:11.000+0000
a03oB000000G3xQQAS,Unit 1963 - Financial District,,a00oB000000mSNDQA2,3400,FALSE,1,Patio;Washer/Dryer;Fitness Center,,2026-02-20T20:35:11.000+0000,2026-02-20T20:35:11.000+0000
a03oB000000G3xRQAS,Unit 1964 - Foster-Powell,001oB00000JcW8fQAF,a00oB000000mSNWQA2,3200,TRUE,3,,,2026-02-20T20:35:11.000+0000,2026-02-20T20:35:11.000+0000
a03oB000000G3xSQAS,Unit 1965 - University District,,a00oB000000mSNdQAM,3050,FALSE,2,Washer/Dryer,,2026-02-20T20:35:11.000+0000,2026-02-20T20:35:11.000+0000
a03oB000000G3xTQAS,Unit 1966 - Financial District,001oB00000JcWBnQAN,a00oB000000mSNDQA2,3150,TRUE,1,Hardwood Floors;Fitness Center,,2026-02-20T20:35:11.000+0000,2026-02-20T20:35:11.000+0000
a03oB000000G3xUQAS,Unit 1967 - Mississippi Avenue,,a00oB000000mSNNQA2,3800,FALSE,3,Patio;Washer/Dryer;Fitness Center,,2026-02-20T20:35:11.000+0000,2026-02-20T20:35:11.000+0000
a03oB000000G3xVQAS,Unit 1968 - Madison Park,001oB00000JcWBCQA3,a00oB000000mSNjQAM,2900,TRUE,2,,,2026-02-20T20:35:11.000+0000,2026-02-20T20:35:11.000+0000
a03oB000000G3xWQAS,Unit 1969 - Financial District,,a00oB000000mSNDQA2,2950,FALSE,1,Washer/Dryer,,2026-02-20T20:35:11.000+0000,2026-02-20T20:35:11.000+0000
a03oB000000G3xXQAS,Unit 1970 - Irvington,001oB00000JcW8cQAF,a00oB000000mSNTQA2,2150,TRUE,1,Hardwood Floors;Fitness Center,,2026-02-20T20:35:11.000+0000,2026-02-20T20:35:11.000+0000
a03oB000000G3xYQAS,Unit 1971 - Ballard,,a00oB000000mSNaQAM,3500,FALSE,2,Patio;Washer/Dryer;Fitness Center,,2026-02-20T20:35:11.000+0000,2026-02-20T20:35:11.000+0000
a03oB000000G3xZQAS,Unit 1972 - Financial District,001oB00000JcW95QAF,a00oB000000mSNDQA2,3600,TRUE,2,,,2026-02-20T20:35:11.000+0000,2026-02-20T20:35:11.000+0000
a03oB000000G3xaQAC,Unit 1973 - Alberta Arts District,,a00oB000000mSNKQA2,1950,FALSE,1,Washer/Dryer,,2026-02-20T20:35:11.000+0000,2026-02-20T20:35:11.000+0000
a03oB000000G3xbQAC,Unit 1974 - Belltown,001oB00000JcW9eQAF,a00oB000000mSNgQAM,4150,TRUE,3,Hardwood Floors;Fitness Center,,2026-02-20T20:35:11.000+0000,2026-02-20T20:35:11.000+0000
a03oB000000G3xcQAC,Unit 1975 - Financial District,,a00oB000000mSNDQA2,4200,FALSE,2,Patio;Washer/Dryer;Fitness Center,,2026-02-20T20:35:11.000+0000,2026-02-20T20:35:11.000+0000
a03oB000000G3xdQAC,Unit 1976 - Sellwood,001oB00000JcW5fQAF,a00oB000000mSNQQA2,1800,TRUE,1,,,2026-02-20T20:35:11.000+0000,2026-02-20T20:35:11.000+0000
a03oB000000G3xeQAC,Unit 1977 - West Seattle,,a00oB000000mSNmQAM,3950,FALSE,3,Washer/Dryer,,2026-02-20T20:35:11.000+0000,2026-02-20T20:35:11.000+0000
a03oB000000G3xfQAC,Unit 1978 - Financial District,001oB00000JcW6lQAF,a00oB000000mSNDQA2,3950,TRUE,2,Hardwood Floors;Fitness Center,,2026-02-20T20:35:11.000+0000,2026-02-20T20:35:11.000+0000
a03oB000000G3xgQAC,Unit 1979 - Foster-Powell,,a00oB000000mSNWQA2,2400,FALSE,1,Patio;Washer/Dryer;Fitness Center,,2026-02-20T20:35:11.000+0000,2026-02-20T20:35:11.000+0000
a03oB000000G3xhQAC,Unit 1980 - University District,001oB00000JcW7ZQAV,a00oB000000mSNdQAM,2200,TRUE,1,,,2026-02-20T20:35:11.000+0000,2026-02-20T20:35:11.000+0000
a03oB000000G3xiQAC,Unit 1981 - Financial District,,a00oB000000mSNDQA2,3750,FALSE,2,Washer/Dryer,,2026-02-20T20:35:11.000+0000,2026-02-20T20:35:11.000+0000
a03oB000000G3xjQAC,Unit 1982 - Mississippi Avenue,001oB00000JcW8ZQAV,a00oB000000mSNNQA2,2750,TRUE,2,Hardwood Floors;Fitness Center,,2026-02-20T20:35:11.000+0000,2026-02-20T20:35:11.000+0000
a03oB000000G3xkQAC,Unit 1983 - Madison Park,,a00oB000000mSNjQAM,2800,FALSE,1,Patio;Washer/Dryer;Fitness Center,,2026-02-20T20:35:11.000+0000,2026-02-20T20:35:11.000+0000
a03oB000000G3xlQAC,Unit 1984 - Financial District,001oB00000JcWBkQAN,a00oB000000mSNDQA2,4800,TRUE,3,,,2026-02-20T20:35:11.000+0000,2026-02-20T20:35:11.000+0000
a03oB000000G3xmQAC,Unit 1985 - Irvington,,a00oB000000mSNTQA2,2550,FALSE,2,Washer/Dryer,,2026-02-20T20:35:11.000+0000,2026-02-20T20:35:11.000+0000
a03oB000000G3xnQAC,Unit 1986 - Ballard,001oB00000JcWBFQA3,a00oB000000mSNaQAM,2550,TRUE,1,Hardwood Floors;Fitness Center,,2026-02-20T20:35:11.000+0000,2026-02-20T20:35:11.000+0000
a03oB000000G3xoQAC,Unit 1987 - Financial District,,a00oB000000mSNDQA2,5400,FALSE,3,Patio;Washer/Dryer;Fitness Center,,2026-02-20T20:35:11.000+0000,2026-02-20T20:35:11.000+0000
a03oB000000G3xpQAC,Unit 1988 - Alberta Arts District,001oB00000JcW8WQAV,a00oB000000mSNKQA2,2400,TRUE,2,,,2026-02-20T20:35:11.000+0000,2026-02-20T20:35:11.000+0000
a03oB000000G3xqQAC,Unit 1989 - Belltown,,a00oB000000mSNgQAM,2350,FALSE,1,Washer/Dryer,,2026-02-20T20:35:11.000+0000,2026-02-20T20:35:11.000+0000
a03oB000000G3xrQAC,Unit 1990 - Financial District,001oB00000JcW98QAF,a00oB000000mSNDQA2,3150,TRUE,1,Hardwood Floors;Fitness Center,,2026-02-20T20:35:11.000+0000,2026-02-20T20:35:11.000+0000
a03oB000000G3xsQAC,Unit 1991 - Sellwood,,a00oB000000mSNQQA2,3000,FALSE,2,Patio;Washer/Dryer;Fitness Center,,2026-02-20T20:35:11.000+0000,2026-02-20T20:35:11.000+0000
a03oB000000G3xtQAC,Unit 1992 - West Seattle,001oB00000JcW9bQAF,a00oB000000mSNmQAM,2900,TRUE,2,,,2026-02-20T20:35:11.000+0000,2026-02-20T20:35:11.000+0000
a03oB000000G3xuQAC,Unit 1993 - Financial District,,a00oB000000mSNDQA2,2950,FALSE,1,Washer/Dryer,,2026-02-20T20:35:11.000+0000,2026-02-20T20:35:11.000+0000
a03oB000000G3xvQAC,Unit 1994 - Foster-Powell,001oB00000JcW5iQAF,a00oB000000mSNWQA2,3550,TRUE,3,Hardwood Floors;Fitness Center,,2026-02-20T20:35:11.000+0000,2026-02-20T20:35:11.000+0000
a03oB000000G3xwQAC,Unit 1995 - University District,,a00oB000000mSNdQAM,3500,FALSE,2,Patio;Washer/Dryer;Fitness Center,,2026-02-20T20:35:11.000+0000,2026-02-20T20:35:11.000+0000
a03oB000000G3xxQAC,Unit 1996 - Financial District,001oB00000JcW6ZQAV,a00oB000000mSNDQA2,2800,TRUE,1,,,2026-02-20T20:35:11.000+0000,2026-02-20T20:35:11.000+0000
a03oB000000G3xyQAC,Unit 1997 - Mississippi Avenue,,a00oB000000mSNNQA2,3350,FALSE,3,Washer/Dryer,,2026-02-20T20:35:11.000+0000,2026-02-20T20:35:11.000+0000
a03oB000000G3xzQAC,Unit 1998 - Madison Park,001oB00000JcW6hQAF,a00oB000000mSNjQAM,3250,TRUE,2,Hardwood Floors;Fitness Center,,2026-02-20T20:35:11.000+0000,2026-02-20T20:35:11.000+0000
a03oB000000G3y0QAC,Unit 1999 - Financial District,,a00oB000000mSNDQA2,3400,FALSE,1,Patio;Washer/Dryer;Fitness Center,,2026-02-20T20:35:11.000+0000,2026-02-20T20:35:11.000+0000
a03oB000000G3y1QAC,Unit 2000 - Irvington,001oB00000JcW8TQAV,a00oB000000mSNTQA2,1800,TRUE,1,,,2026-02-20T20:35:11.000+0000,2026-02-20T20:35:11.000+0000
a03oB000000G3y2QAC,Unit 2001 - Ballard,,a00oB000000mSNaQAM,3050,FALSE,2,Washer/Dryer,,2026-02-20T20:35:11.000+0000,2026-02-20T20:35:11.000+0000
a03oB000000G3y3QAC,Unit 2002 - Financial District,001oB00000JcWBhQAN,a00oB000000mSNDQA2,3950,TRUE,2,Hardwood Floors;Fitness Center,,2026-02-20T20:35:11.000+0000,2026-02-20T20:35:11.000+0000
a03oB000000G3y4QAC,Unit 2003 - Alberta Arts District,,a00oB000000mSNKQA2,2400,FALSE,1,Patio;Washer/Dryer;Fitness Center,,2026-02-20T20:35:11.000+0000,2026-02-20T20:35:11.000+0000
a03oB000000G3y5QAC,Unit 2004 - Belltown,001oB00000JcWBIQA3,a00oB000000mSNgQAM,3800,TRUE,3,,,2026-02-20T20:35:11.000+0000,2026-02-20T20:35:11.000+0000
a03oB000000G3y6QAC,Unit 2005 - Financial District,,a00oB000000mSNDQA2,3750,FALSE,2,Washer/Dryer,,2026-02-20T20:35:11.000+0000,2026-02-20T20:35:11.000+0000
a03oB000000G3y7QAC,Unit 2006 - Sellwood,001oB00000JcW8QQAV,a00oB000000mSNQQA2,2150,TRUE,1,Hardwood Floors;Fitness Center,,2026-02-20T20:35:11.000+0000,2026-02-20T20:35:11.000+0000
a03oB000000G3y8QAC,Unit 2007 - West Seattle,,a00oB000000mSNmQAM,4400,FALSE,3,Patio;Washer/Dryer;Fitness Center,,2026-02-20T20:35:11.000+0000,2026-02-20T20:35:11.000+0000
a03oB000000G3y9QAC,Unit 2008 - Financial District,001oB00000JcW9BQAV,a00oB000000mSNDQA2,3600,TRUE,2,,,2026-02-20T20:35:11.000+0000,2026-02-20T20:35:11.000+0000
a03oB000000G3yAQAS,Unit 2009 - Foster-Powell,,a00oB000000mSNWQA2,1950,FALSE,1,Washer/Dryer,,2026-02-20T20:35:11.000+0000,2026-02-20T20:35:11.000+0000
a03oB000000G3yBQAS,Unit 2010 - University District,001oB00000JcW9YQAV,a00oB000000mSNdQAM,2550,TRUE,1,Hardwood Floors;Fitness Center,,2026-02-20T20:35:11.000+0000,2026-02-20T20:35:11.000+0000
a03oB000000G3yCQAS,Unit 2011 - Financial District,,a00oB000000mSNDQA2,4200,FALSE,2,Patio;Washer/Dryer;Fitness Center,,2026-02-20T20:35:11.000+0000,2026-02-20T20:35:11.000+0000
a03oB000000G3yDQAS,Unit 2012 - Mississippi Avenue,001oB00000JcW5lQAF,a00oB000000mSNNQA2,2400,TRUE,2,,,2026-02-20T20:35:11.000+0000,2026-02-20T20:35:11.000+0000
a03oB000000G3yEQAS,Unit 2013 - Madison Park,,a00oB000000mSNjQAM,2350,FALSE,1,Washer/Dryer,,2026-02-20T20:35:11.000+0000,2026-02-20T20:35:11.000+0000
a03oB000000G3yFQAS,Unit 2014 - Financial District,001oB00000JcWBeQAN,a00oB000000mSNDQA2,5150,TRUE,3,Hardwood Floors;Fitness Center,,2026-02-20T20:35:11.000+0000,2026-02-20T20:35:11.000+0000
a03oB000000G3yGQAS,Unit 2015 - Irvington,,a00oB000000mSNTQA2,3000,FALSE,2,Patio;Washer/Dryer;Fitness Center,,2026-02-20T20:35:11.000+0000,2026-02-20T20:35:11.000+0000
a03oB000000G3yHQAS,Unit 2016 - Ballard,001oB00000JcWBLQA3,a00oB000000mSNaQAM,2200,TRUE,1,,,2026-02-20T20:35:11.000+0000,2026-02-20T20:35:11.000+0000
a03oB000000G3yIQAS,Unit 2017 - Financial District,,a00oB000000mSNDQA2,4950,FALSE,3,Washer/Dryer,,2026-02-20T20:35:11.000+0000,2026-02-20T20:35:11.000+0000
a03oB000000G3yJQAS,Unit 2018 - Alberta Arts District,001oB00000JcW8NQAV,a00oB000000mSNKQA2,2750,TRUE,2,Hardwood Floors;Fitness Center,,2026-02-20T20:35:11.000+0000,2026-02-20T20:35:11.000+0000
a03oB000000G3yKQAS,Unit 2019 - Belltown,,a00oB000000mSNgQAM,2800,FALSE,1,Patio;Washer/Dryer;Fitness Center,,2026-02-20T20:35:11.000+0000,2026-02-20T20:35:11.000+0000
a03oB000000G3yLQAS,Unit 2020 - Financial District,001oB00000JcW9EQAV,a00oB000000mSNDQA2,2800,TRUE,1,,,2026-02-20T20:35:11.000+0000,2026-02-20T20:35:11.000+0000
a03oB000000G3yMQAS,Unit 2021 - Sellwood,,a00oB000000mSNQQA2,2550,FALSE,2,Washer/Dryer,,2026-02-20T20:35:11.000+0000,2026-02-20T20:35:11.000+0000
a03oB000000G3yNQAS,Unit 2022 - West Seattle,001oB00000JcW9VQAV,a00oB000000mSNmQAM,3250,TRUE,2,Hardwood Floors;Fitness Center,,2026-02-20T20:35:11.000+0000,2026-02-20T20:35:11.000+0000
a03oB000000G3yOQAS,Unit 2023 - Financial District,,a00oB000000mSNDQA2,3400,FALSE,1,Patio;Washer/Dryer;Fitness Center,,2026-02-20T20:35:11.000+0000,2026-02-20T20:35:11.000+0000
a03oB000000G3yPQAS,Unit 2024 - Foster-Powell,001oB00000JcW8KQAV,a00oB000000mSNWQA2,3200,TRUE,3,,,2026-02-20T20:35:11.000+0000,2026-02-20T20:35:11.000+0000
a03oB000000G3yQQAS,Unit 2025 - University District,,a00oB000000mSNdQAM,3050,FALSE,2,Washer/Dryer,,2026-02-20T20:35:11.000+0000,2026-02-20T20:35:11.000+0000
a03oB000000G3yRQAS,Unit 2026 - Financial District,001oB00000JcW6oQAF,a00oB000000mSNDQA2,3150,TRUE,1,Hardwood Floors;Fitness Center,,2026-02-20T20:35:11.000+0000,2026-02-20T20:35:11.000+0000
a03oB000000G3ySQAS,Unit 2027 - Mississippi Avenue,,a00oB000000mSNNQA2,3800,FALSE,3,Patio;Washer/Dryer;Fitness Center,,2026-02-20T20:35:11.000+0000,2026-02-20T20:35:11.000+0000
a03oB000000G3yTQAS,Unit 2028 - Madison Park,001oB00000JcW7WQAV,a00oB000000mSNjQAM,2900,TRUE,2,,,2026-02-20T20:35:11.000+0000,2026-02-20T20:35:11.000+0000
a03oB000000G3yUQAS,Unit 2029 - Financial District,,a00oB000000mSNDQA2,2950,FALSE,1,Washer/Dryer,,2026-02-20T20:35:11.000+0000,2026-02-20T20:35:11.000+0000
a03oB000000G3yVQAS,Unit 2030 - Irvington,001oB00000JcW5oQAF,a00oB000000mSNTQA2,2150,TRUE,1,Hardwood Floors;Fitness Center,,2026-02-20T20:35:11.000+0000,2026-02-20T20:35:11.000+0000
a03oB000000G3yWQAS,Unit 2031 - Ballard,,a00oB000000mSNaQAM,3500,FALSE,2,Patio;Washer/Dryer;Fitness Center,,2026-02-20T20:35:11.000+0000,2026-02-20T20:35:11.000+0000
a03oB000000G3yXQAS,Unit 2032 - Financial District,001oB00000JcWBbQAN,a00oB000000mSNDQA2,3600,TRUE,2,,,2026-02-20T20:35:11.000+0000,2026-02-20T20:35:11.000+0000
a03oB000000G3yYQAS,Unit 2033 - Alberta Arts District,,a00oB000000mSNKQA2,1950,FALSE,1,Washer/Dryer,,2026-02-20T20:35:11.000+0000,2026-02-20T20:35:11.000+0000
a03oB000000G3yZQAS,Unit 2034 - Belltown,001oB00000JcWBOQA3,a00oB000000mSNgQAM,4150,TRUE,3,Hardwood Floors;Fitness Center,,2026-02-20T20:35:11.000+0000,2026-02-20T20:35:11.000+0000
a03oB000000G3yaQAC,Unit 2035 - Financial District,,a00oB000000mSNDQA2,4200,FALSE,2,Patio;Washer/Dryer;Fitness Center,,2026-02-20T20:35:11.000+0000,2026-02-20T20:35:11.000+0000
a03oB000000G3ybQAC,Unit 2036 - Sellwood,001oB00000JcW8HQAV,a00oB000000mSNQQA2,1800,TRUE,1,,,2026-02-20T20:35:11.000+0000,2026-02-20T20:35:11.000+0000
a03oB000000G3ycQAC,Unit 2037 - West Seattle,,a00oB000000mSNmQAM,3950,FALSE,3,Washer/Dryer,,2026-02-20T20:35:11.000+0000,2026-02-20T20:35:11.000+0000
a03oB000000G3ydQAC,Unit 2038 - Financial District,001oB00000JcW9HQAV,a00oB000000mSNDQA2,3950,TRUE,2,Hardwood Floors;Fitness Center,,2026-02-20T20:35:11.000+0000,2026-02-20T20:35:11.000+0000
a03oB000000G3yeQAC,Unit 2039 - Foster-Powell,,a00oB000000mSNWQA2,2400,FALSE,1,Patio;Washer/Dryer;Fitness Center,,2026-02-20T20:35:11.000+0000,2026-02-20T20:35:11.000+0000
a03oB000000G3yfQAC,Unit 2040 - University District,001oB00000JcW9SQAV,a00oB000000mSNdQAM,2200,TRUE,1,,,2026-02-20T20:35:11.000+0000,2026-02-20T20:35:11.000+0000
a03oB000000G3ygQAC,Unit 2041 - Financial District,,a00oB000000mSNDQA2,3750,FALSE,2,Washer/Dryer,,2026-02-20T20:35:11.000+0000,2026-02-20T20:35:11.000+0000
a03oB000000G3yhQAC,Unit 2042 - Mississippi Avenue,001oB00000JcW8EQAV,a00oB000000mSNNQA2,2750,TRUE,2,Hardwood Floors;Fitness Center,,2026-02-20T20:35:11.000+0000,2026-02-20T20:35:11.000+0000
a03oB000000G3yiQAC,Unit 2043 - Madison Park,,a00oB000000mSNjQAM,2800,FALSE,1,Patio;Washer/Dryer;Fitness Center,,2026-02-20T20:35:11.000+0000,2026-02-20T20:35:11.000+0000
a03oB000000G3yjQAC,Unit 2044 - Financial District,001oB00000JcWBYQA3,a00oB000000mSNDQA2,4800,TRUE,3,,,2026-02-20T20:35:11.000+0000,2026-02-20T20:35:11.000+0000
a03oB000000G3ykQAC,Unit 2045 - Irvington,,a00oB000000mSNTQA2,2550,FALSE,2,Washer/Dryer,,2026-02-20T20:35:11.000+0000,2026-02-20T20:35:11.000+0000
a03oB000000G3ylQAC,Unit 2046 - Ballard,001oB00000JcWBRQA3,a00oB000000mSNaQAM,2550,TRUE,1,Hardwood Floors;Fitness Center,,2026-02-20T20:35:11.000+0000,2026-02-20T20:35:11.000+0000
a03oB000000G3ymQAC,Unit 2047 - Financial District,,a00oB000000mSNDQA2,5400,FALSE,3,Patio;Washer/Dryer;Fitness Center,,2026-02-20T20:35:11.000+0000,2026-02-20T20:35:11.000+0000
a03oB000000G3ynQAC,Unit 2048 - Alberta Arts District,001oB00000JcW5rQAF,a00oB000000mSNKQA2,2400,TRUE,2,,,2026-02-20T20:35:11.000+0000,2026-02-20T20:35:11.000+0000
a03oB000000G3yoQAC,Unit 2049 - Belltown,,a00oB000000mSNgQAM,2350,FALSE,1,Washer/Dryer,,2026-02-20T20:35:11.000+0000,2026-02-20T20:35:11.000+0000
a03oB000000G3ypQAC,Unit 2050 - Financial District,001oB00000JcW9KQAV,a00oB000000mSNDQA2,3150,TRUE,1,Hardwood Floors;Fitness Center,,2026-02-20T20:35:11.000+0000,2026-02-20T20:35:11.000+0000
a03oB000000G3yqQAC,Unit 2051 - Sellwood,,a00oB000000mSNQQA2,3000,FALSE,2,Patio;Washer/Dryer;Fitness Center,,2026-02-20T20:35:11.000+0000,2026-02-20T20:35:11.000+0000
a03oB000000G3yrQAC,Unit 2052 - West Seattle,001oB00000JcW9PQAV,a00oB000000mSNmQAM,2900,TRUE,2,,,2026-02-20T20:35:11.000+0000,2026-02-20T20:35:11.000+0000
a03oB000000G3ysQAC,Unit 2053 - Financial District,,a00oB000000mSNDQA2,2950,FALSE,1,Washer/Dryer,,2026-02-20T20:35:11.000+0000,2026-02-20T20:35:11.000+0000
a03oB000000G3ytQAC,Unit 2054 - Foster-Powell,001oB00000JcW8BQAV,a00oB000000mSNWQA2,3550,TRUE,3,Hardwood Floors;Fitness Center,,2026-02-20T20:35:11.000+0000,2026-02-20T20:35:11.000+0000
a03oB000000G3yuQAC,Unit 2055 - University District,,a00oB000000mSNdQAM,3500,FALSE,2,Patio;Washer/Dryer;Fitness Center,,2026-02-20T20:35:11.000+0000,2026-02-20T20:35:11.000+0000
a03oB000000G3yvQAC,Unit 2056 - Financial District,001oB00000JcWBVQA3,a00oB000000mSNDQA2,2800,TRUE,1,,,2026-02-20T20:35:11.000+0000,2026-02-20T20:35:11.000+0000
a03oB000000G3ywQAC,Unit 2057 - Mississippi Avenue,,a00oB000000mSNNQA2,3350,FALSE,3,Washer/Dryer,,2026-02-20T20:35:11.000+0000,2026-02-20T20:35:11.000+0000
a03oB000000G3yxQAC,Unit 2058 - Madison Park,001oB00000JcWBUQA3,a00oB000000mSNjQAM,3250,TRUE,2,Hardwood Floors;Fitness Center,,2026-02-20T20:35:11.000+0000,2026-02-20T20:35:11.000+0000
a03oB000000G3yyQAC,Unit 2059 - Financial District,,a00oB000000mSNDQA2,3400,FALSE,1,Patio;Washer/Dryer;Fitness Center,,2026-02-20T20:35:11.000+0000,2026-02-20T20:35:11.000+0000
a03oB000000G3yzQAC,Unit 2060 - Irvington,001oB00000JcW88QAF,a00oB000000mSNTQA2,1800,TRUE,1,,,2026-02-20T20:35:11.000+0000,2026-02-20T20:35:11.000+0000
a03oB000000G3z0QAC,Unit 2061 - Ballard,,a00oB000000mSNaQAM,3050,FALSE,2,Washer/Dryer,,2026-02-20T20:35:11.000+0000,2026-02-20T20:35:11.000+0000
a03oB000000G3z1QAC,Unit 2062 - Financial District,001oB00000JcW9NQAV,a00oB000000mSNDQA2,3950,TRUE,2,Hardwood Floors;Fitness Center,,2026-02-20T20:35:11.000+0000,2026-02-20T20:35:11.000+0000
a03oB000000G3z2QAC,Unit 2063 - Alberta Arts District,,a00oB000000mSNKQA2,2400,FALSE,1,Patio;Washer/Dryer;Fitness Center,,2026-02-20T20:35:11.000+0000,2026-02-20T20:35:11.000+0000
a03oB000000G3z3QAC,Unit 2064 - Belltown,001oB00000JcW9MQAV,a00oB000000mSNgQAM,3800,TRUE,3,,,2026-02-20T20:35:11.000+0000,2026-02-20T20:35:11.000+0000
a03oB000000G3z4QAC,Unit 2065 - Financial District,,a00oB000000mSNDQA2,3750,FALSE,2,Washer/Dryer,,2026-02-20T20:35:11.000+0000,2026-02-20T20:35:11.000+0000
a03oB000000G3z5QAC,Unit 2066 - Sellwood,001oB00000JcW5uQAF,a00oB000000mSNQQA2,2150,TRUE,1,Hardwood Floors;Fitness Center,,2026-02-20T20:35:11.000+0000,2026-02-20T20:35:11.000+0000
a03oB000000G3z6QAC,Unit 2067 - West Seattle,,a00oB000000mSNmQAM,4400,FALSE,3,Patio;Washer/Dryer;Fitness Center,,2026-02-20T20:35:11.000+0000,2026-02-20T20:35:11.000+0000
a03oB000000G3z7QAC,Unit 2068 - Financial District,001oB00000JcW6rQAF,a00oB000000mSNDQA2,3600,TRUE,2,,,2026-02-20T20:35:11.000+0000,2026-02-20T20:35:11.000+0000
a03oB000000G3z8QAC,Unit 2069 - Foster-Powell,,a00oB000000mSNWQA2,1950,FALSE,1,Washer/Dryer,,2026-02-20T20:35:11.000+0000,2026-02-20T20:35:11.000+0000
a03oB000000G3z9QAC,Unit 2070 - University District,001oB00000JcW6DQAV,a00oB000000mSNdQAM,2550,TRUE,1,Hardwood Floors;Fitness Center,,2026-02-20T20:35:11.000+0000,2026-02-20T20:35:11.000+0000
a03oB000000G3zAQAS,Unit 2071 - Financial District,,a00oB000000mSNDQA2,4200,FALSE,2,Patio;Washer/Dryer;Fitness Center,,2026-02-20T20:35:11.000+0000,2026-02-20T20:35:11.000+0000
a03oB000000G3zBQAS,Unit 2072 - Mississippi Avenue,001oB00000JcW85QAF,a00oB000000mSNNQA2,2400,TRUE,2,,,2026-02-20T20:35:11.000+0000,2026-02-20T20:35:11.000+0000
a03oB000000G3zCQAS,Unit 2073 - Madison Park,,a00oB000000mSNjQAM,2350,FALSE,1,Washer/Dryer,,2026-02-20T20:35:11.000+0000,2026-02-20T20:35:11.000+0000
a03oB000000G3zDQAS,Unit 2074 - Financial District,001oB00000JcWBSQA3,a00oB000000mSNDQA2,5150,TRUE,3,Hardwood Floors;Fitness Center,,2026-02-20T20:35:11.000+0000,2026-02-20T20:35:11.000+0000
a03oB000000G3zEQAS,Unit 2075 - Irvington,,a00oB000000mSNTQA2,3000,FALSE,2,Patio;Washer/Dryer;Fitness Center,,2026-02-20T20:35:11.000+0000,2026-02-20T20:35:11.000+0000
a03oB000000G3zFQAS,Unit 2076 - Ballard,001oB00000JcWBXQA3,a00oB000000mSNaQAM,2200,TRUE,1,,,2026-02-20T20:35:11.000+0000,2026-02-20T20:35:11.000+0000
a03oB000000G3zGQAS,Unit 2077 - Financial District,,a00oB000000mSNDQA2,4950,FALSE,3,Washer/Dryer,,2026-02-20T20:35:11.000+0000,2026-02-20T20:35:11.000+0000
a03oB000000G3zHQAS,Unit 2078 - Alberta Arts District,001oB00000JcW82QAF,a00oB000000mSNKQA2,2750,TRUE,2,Hardwood Floors;Fitness Center,,2026-02-20T20:35:11.000+0000,2026-02-20T20:35:11.000+0000
a03oB000000G3zIQAS,Unit 2079 - Belltown,,a00oB000000mSNgQAM,2800,FALSE,1,Patio;Washer/Dryer;Fitness Center,,2026-02-20T20:35:11.000+0000,2026-02-20T20:35:11.000+0000
a03oB000000G3zJQAS,Unit 2080 - Financial District,001oB00000JcW9QQAV,a00oB000000mSNDQA2,2800,TRUE,1,,,2026-02-20T20:35:11.000+0000,2026-02-20T20:35:11.000+0000
a03oB000000G3zKQAS,Unit 2081 - Sellwood,,a00oB000000mSNQQA2,2550,FALSE,2,Washer/Dryer,,2026-02-20T20:35:11.000+0000,2026-02-20T20:35:11.000+0000
a03oB000000G3zLQAS,Unit 2082 - West Seattle,001oB00000JcW9JQAV,a00oB000000mSNmQAM,3250,TRUE,2,Hardwood Floors;Fitness Center,,2026-02-20T20:35:11.000+0000,2026-02-20T20:35:11.000+0000
a03oB000000G3zMQAS,Unit 2083 - Financial District,,a00oB000000mSNDQA2,3400,FALSE,1,Patio;Washer/Dryer;Fitness Center,,2026-02-20T20:35:11.000+0000,2026-02-20T20:35:11.000+0000
a03oB000000G3zNQAS,Unit 2084 - Foster-Powell,001oB00000JcW5xQAF,a00oB000000mSNWQA2,3200,TRUE,3,,,2026-02-20T20:35:11.000+0000,2026-02-20T20:35:11.000+0000
a03oB000000G3zOQAS,Unit 2085 - University District,,a00oB000000mSNdQAM,3050,FALSE,2,Washer/Dryer,,2026-02-20T20:35:11.000+0000,2026-02-20T20:35:11.000+0000
a03oB000000G3zPQAS,Unit 2086 - Financial District,001oB00000JcW6WQAV,a00oB000000mSNDQA2,3150,TRUE,1,Hardwood Floors;Fitness Center,,2026-02-20T20:35:11.000+0000,2026-02-20T20:35:11.000+0000
a03oB000000G3zQQAS,Unit 2087 - Mississippi Avenue,,a00oB000000mSNNQA2,3800,FALSE,3,Patio;Washer/Dryer;Fitness Center,,2026-02-20T20:35:11.000+0000,2026-02-20T20:35:11.000+0000
a03oB000000G3zRQAS,Unit 2088 - Madison Park,001oB00000JcW6wQAF,a00oB000000mSNjQAM,2900,TRUE,2,,,2026-02-20T20:35:11.000+0000,2026-02-20T20:35:11.000+0000
a03oB000000G3zSQAS,Unit 2089 - Financial District,,a00oB000000mSNDQA2,2950,FALSE,1,Washer/Dryer,,2026-02-20T20:35:11.000+0000,2026-02-20T20:35:11.000+0000
a03oB000000G3zTQAS,Unit 2090 - Irvington,001oB00000JcW7zQAF,a00oB000000mSNTQA2,2150,TRUE,1,Hardwood Floors;Fitness Center,,2026-02-20T20:35:11.000+0000,2026-02-20T20:35:11.000+0000
a03oB000000G3zUQAS,Unit 2091 - Ballard,,a00oB000000mSNaQAM,3500,FALSE,2,Patio;Washer/Dryer;Fitness Center,,2026-02-20T20:35:11.000+0000,2026-02-20T20:35:11.000+0000
a03oB000000G3zVQAS,Unit 2092 - Financial District,001oB00000JcWBPQA3,a00oB000000mSNDQA2,3600,TRUE,2,,,2026-02-20T20:35:11.000+0000,2026-02-20T20:35:11.000+0000
a03oB000000G3zWQAS,Unit 2093 - Alberta Arts District,,a00oB000000mSNKQA2,1950,FALSE,1,Washer/Dryer,,2026-02-20T20:35:11.000+0000,2026-02-20T20:35:11.000+0000
a03oB000000G3zXQAS,Unit 2094 - Belltown,001oB00000JcWBaQAN,a00oB000000mSNgQAM,4150,TRUE,3,Hardwood Floors;Fitness Center,,2026-02-20T20:35:11.000+0000,2026-02-20T20:35:11.000+0000
a03oB000000G3zYQAS,Unit 2095 - Financial District,,a00oB000000mSNDQA2,4200,FALSE,2,Patio;Washer/Dryer;Fitness Center,,2026-02-20T20:35:11.000+0000,2026-02-20T20:35:11.000+0000
a03oB000000G3zZQAS,Unit 2096 - Sellwood,001oB00000JcW7wQAF,a00oB000000mSNQQA2,1800,TRUE,1,,,2026-02-20T20:35:11.000+0000,2026-02-20T20:35:11.000+0000
a03oB000000G3zaQAC,Unit 2097 - West Seattle,,a00oB000000mSNmQAM,3950,FALSE,3,Washer/Dryer,,2026-02-20T20:35:11.000+0000,2026-02-20T20:35:11.000+0000
a03oB000000G3zbQAC,Unit 2098 - Financial District,001oB00000JcW9TQAV,a00oB000000mSNDQA2,3950,TRUE,2,Hardwood Floors;Fitness Center,,2026-02-20T20:35:11.000+0000,2026-02-20T20:35:11.000+0000
a03oB000000G3zcQAC,Unit 2099 - Foster-Powell,,a00oB000000mSNWQA2,2400,FALSE,1,Patio;Washer/Dryer;Fitness Center,,2026-02-20T20:35:11.000+0000,2026-02-20T20:35:11.000+0000
a03oB000000G3zdQAC,Unit 2100 - University District,001oB00000JcW9GQAV,a00oB000000mSNdQAM,2200,TRUE,1,,,2026-02-20T20:35:11.000+0000,2026-02-20T20:35:11.000+0000
a03oB000000G3zeQAC,Unit 2101 - Financial District,,a00oB000000mSNDQA2,3750,FALSE,2,Washer/Dryer,,2026-02-20T20:35:11.000+0000,2026-02-20T20:35:11.000+0000
a03oB000000G3zfQAC,Unit 2102 - Mississippi Avenue,001oB00000JcW60QAF,a00oB000000mSNNQA2,2750,TRUE,2,Hardwood Floors;Fitness Center,,2026-02-20T20:35:11.000+0000,2026-02-20T20:35:11.000+0000
a03oB000000G3zgQAC,Unit 2103 - Madison Park,,a00oB000000mSNjQAM,2800,FALSE,1,Patio;Washer/Dryer;Fitness Center,,2026-02-20T20:35:11.000+0000,2026-02-20T20:35:11.000+0000
a03oB000000G3zhQAC,Unit 2104 - Financial District,001oB00000JcWBMQA3,a00oB000000mSNDQA2,4800,TRUE,3,,,2026-02-20T20:35:11.000+0000,2026-02-20T20:35:11.000+0000
a03oB000000G3ziQAC,Unit 2105 - Irvington,,a00oB000000mSNTQA2,2550,FALSE,2,Washer/Dryer,,2026-02-20T20:35:11.000+0000,2026-02-20T20:35:11.000+0000
a03oB000000G3zjQAC,Unit 2106 - Ballard,001oB00000JcWBdQAN,a00oB000000mSNaQAM,2550,TRUE,1,Hardwood Floors;Fitness Center,,2026-02-20T20:35:11.000+0000,2026-02-20T20:35:11.000+0000
a03oB000000G3zkQAC,Unit 2107 - Financial District,,a00oB000000mSNDQA2,5400,FALSE,3,Patio;Washer/Dryer;Fitness Center,,2026-02-20T20:35:11.000+0000,2026-02-20T20:35:11.000+0000
a03oB000000G3zlQAC,Unit 2108 - Alberta Arts District,001oB00000JcW7tQAF,a00oB000000mSNKQA2,2400,TRUE,2,,,2026-02-20T20:35:11.000+0000,2026-02-20T20:35:11.000+0000
a03oB000000G3zmQAC,Unit 2109 - Belltown,,a00oB000000mSNgQAM,2350,FALSE,1,Washer/Dryer,,2026-02-20T20:35:11.000+0000,2026-02-20T20:35:11.000+0000
a03oB000000G3znQAC,Unit 2110 - Financial District,001oB00000JcW9WQAV,a00oB000000mSNDQA2,3150,TRUE,1,Hardwood Floors;Fitness Center,,2026-02-20T20:35:11.000+0000,2026-02-20T20:35:11.000+0000
a03oB000000G3zoQAC,Unit 2111 - Sellwood,,a00oB000000mSNQQA2,3000,FALSE,2,Patio;Washer/Dryer;Fitness Center,,2026-02-20T20:35:11.000+0000,2026-02-20T20:35:11.000+0000
a03oB000000G3zpQAC,Unit 2112 - West Seattle,001oB00000JcW9DQAV,a00oB000000mSNmQAM,2900,TRUE,2,,,2026-02-20T20:35:11.000+0000,2026-02-20T20:35:11.000+0000
a03oB000000G3zqQAC,Unit 2113 - Financial District,,a00oB000000mSNDQA2,2950,FALSE,1,Washer/Dryer,,2026-02-20T20:35:11.000+0000,2026-02-20T20:35:11.000+0000
a03oB000000G3zrQAC,Unit 2114 - Foster-Powell,001oB00000JcW7qQAF,a00oB000000mSNWQA2,3550,TRUE,3,Hardwood Floors;Fitness Center,,2026-02-20T20:35:11.000+0000,2026-02-20T20:35:11.000+0000
a03oB000000G3zsQAC,Unit 2115 - University District,,a00oB000000mSNdQAM,3500,FALSE,2,Patio;Washer/Dryer;Fitness Center,,2026-02-20T20:35:11.000+0000,2026-02-20T20:35:11.000+0000
a03oB000000G3ztQAC,Unit 2116 - Financial District,001oB00000JcW6uQAF,a00oB000000mSNDQA2,2800,TRUE,1,,,2026-02-20T20:35:11.000+0000,2026-02-20T20:35:11.000+0000
a03oB000000G3zuQAC,Unit 2117 - Mississippi Avenue,,a00oB000000mSNNQA2,3350,FALSE,3,Washer/Dryer,,2026-02-20T20:35:11.000+0000,2026-02-20T20:35:11.000+0000
a03oB000000G3zvQAC,Unit 2118 - Madison Park,001oB00000JcW7TQAV,a00oB000000mSNjQAM,3250,TRUE,2,Hardwood Floors;Fitness Center,,2026-02-20T20:35:11.000+0000,2026-02-20T20:35:11.000+0000
a03oB000000G3zwQAC,Unit 2119 - Financial District,,a00oB000000mSNDQA2,3400,FALSE,1,Patio;Washer/Dryer;Fitness Center,,2026-02-20T20:35:11.000+0000,2026-02-20T20:35:11.000+0000
a03oB000000G3zxQAC,Unit 2120 - Irvington,001oB00000JcW63QAF,a00oB000000mSNTQA2,1800,TRUE,1,,,2026-02-20T20:35:11.000+0000,2026-02-20T20:35:11.000+0000
a03oB000000G3zyQAC,Unit 2121 - Ballard,,a00oB000000mSNaQAM,3050,FALSE,2,Washer/Dryer,,2026-02-20T20:35:11.000+0000,2026-02-20T20:35:11.000+0000
a03oB000000G3zzQAC,Unit 2122 - Financial District,001oB00000JcWBJQA3,a00oB000000mSNDQA2,3950,TRUE,2,Hardwood Floors;Fitness Center,,2026-02-20T20:35:11.000+0000,2026-02-20T20:35:11.000+0000
a03oB000000G400QAC,Unit 2123 - Alberta Arts District,,a00oB000000mSNKQA2,2400,FALSE,1,Patio;Washer/Dryer;Fitness Center,,2026-02-20T20:35:11.000+0000,2026-02-20T20:35:11.000+0000
a03oB000000G401QAC,Unit 2124 - Belltown,001oB00000JcWBgQAN,a00oB000000mSNgQAM,3800,TRUE,3,,,2026-02-20T20:35:11.000+0000,2026-02-20T20:35:11.000+0000
a03oB000000G402QAC,Unit 2125 - Financial District,,a00oB000000mSNDQA2,3750,FALSE,2,Washer/Dryer,,2026-02-20T20:35:11.000+0000,2026-02-20T20:35:11.000+0000
a03oB000000G403QAC,Unit 2126 - Sellwood,001oB00000JcW7nQAF,a00oB000000mSNQQA2,2150,TRUE,1,Hardwood Floors;Fitness Center,,2026-02-20T20:35:11.000+0000,2026-02-20T20:35:11.000+0000
a03oB000000G404QAC,Unit 2127 - West Seattle,,a00oB000000mSNmQAM,4400,FALSE,3,Patio;Washer/Dryer;Fitness Center,,2026-02-20T20:35:11.000+0000,2026-02-20T20:35:11.000+0000
a03oB000000G405QAC,Unit 2128 - Financial District,001oB00000JcW9ZQAV,a00oB000000mSNDQA2,3600,TRUE,2,,,2026-02-20T20:35:11.000+0000,2026-02-20T20:35:11.000+0000
a03oB000000G406QAC,Unit 2129 - Foster-Powell,,a00oB000000mSNWQA2,1950,FALSE,1,Washer/Dryer,,2026-02-20T20:35:11.000+0000,2026-02-20T20:35:11.000+0000
a03oB000000G407QAC,Unit 2130 - University District,001oB00000JcW9AQAV,a00oB000000mSNdQAM,2550,TRUE,1,Hardwood Floors;Fitness Center,,2026-02-20T20:35:11.000+0000,2026-02-20T20:35:11.000+0000
a03oB000000G408QAC,Unit 2131 - Financial District,,a00oB000000mSNDQA2,4200,FALSE,2,Patio;Washer/Dryer;Fitness Center,,2026-02-20T20:35:11.000+0000,2026-02-20T20:35:11.000+0000
a03oB000000G409QAC,Unit 2132 - Mississippi Avenue,001oB00000JcW7kQAF,a00oB000000mSNNQA2,2400,TRUE,2,,,2026-02-20T20:35:11.000+0000,2026-02-20T20:35:11.000+0000
a03oB000000G40AQAS,Unit 2133 - Madison Park,,a00oB000000mSNjQAM,2350,FALSE,1,Washer/Dryer,,2026-02-20T20:35:11.000+0000,2026-02-20T20:35:11.000+0000
a03oB000000G40BQAS,Unit 2134 - Financial District,001oB00000JcWBGQA3,a00oB000000mSNDQA2,5150,TRUE,3,Hardwood Floors;Fitness Center,,2026-02-20T20:35:11.000+0000,2026-02-20T20:35:11.000+0000
a03oB000000G40CQAS,Unit 2135 - Irvington,,a00oB000000mSNTQA2,3000,FALSE,2,Patio;Washer/Dryer;Fitness Center,,2026-02-20T20:35:11.000+0000,2026-02-20T20:35:11.000+0000
a03oB000000G40DQAS,Unit 2136 - Ballard,001oB00000JcWBjQAN,a00oB000000mSNaQAM,2200,TRUE,1,,,2026-02-20T20:35:11.000+0000,2026-02-20T20:35:11.000+0000
a03oB000000G40EQAS,Unit 2137 - Financial District,,a00oB000000mSNDQA2,4950,FALSE,3,Washer/Dryer,,2026-02-20T20:35:11.000+0000,2026-02-20T20:35:11.000+0000
a03oB000000G40FQAS,Unit 2138 - Alberta Arts District,001oB00000JcW66QAF,a00oB000000mSNKQA2,2750,TRUE,2,Hardwood Floors;Fitness Center,,2026-02-20T20:35:11.000+0000,2026-02-20T20:35:11.000+0000
a03oB000000G40GQAS,Unit 2139 - Belltown,,a00oB000000mSNgQAM,2800,FALSE,1,Patio;Washer/Dryer;Fitness Center,,2026-02-20T20:35:11.000+0000,2026-02-20T20:35:11.000+0000
a03oB000000G40HQAS,Unit 2140 - Financial District,001oB00000JcW9cQAF,a00oB000000mSNDQA2,2800,TRUE,1,,,2026-02-20T20:35:11.000+0000,2026-02-20T20:35:11.000+0000
a03oB000000G40IQAS,Unit 2141 - Sellwood,,a00oB000000mSNQQA2,2550,FALSE,2,Washer/Dryer,,2026-02-20T20:35:11.000+0000,2026-02-20T20:35:11.000+0000
a03oB000000G40JQAS,Unit 2142 - West Seattle,001oB00000JcW97QAF,a00oB000000mSNmQAM,3250,TRUE,2,Hardwood Floors;Fitness Center,,2026-02-20T20:35:11.000+0000,2026-02-20T20:35:11.000+0000
a03oB000000G40KQAS,Unit 2143 - Financial District,,a00oB000000mSNDQA2,3400,FALSE,1,Patio;Washer/Dryer;Fitness Center,,2026-02-20T20:35:11.000+0000,2026-02-20T20:35:11.000+0000
a03oB000000G40LQAS,Unit 2144 - Foster-Powell,001oB00000JcW7hQAF,a00oB000000mSNWQA2,3200,TRUE,3,,,2026-02-20T20:35:11.000+0000,2026-02-20T20:35:11.000+0000
a03oB000000G40MQAS,Unit 2145 - University District,,a00oB000000mSNdQAM,3050,FALSE,2,Washer/Dryer,,2026-02-20T20:35:11.000+0000,2026-02-20T20:35:11.000+0000
a03oB000000G40NQAS,Unit 2146 - Financial District,001oB00000JcWBDQA3,a00oB000000mSNDQA2,3150,TRUE,1,Hardwood Floors;Fitness Center,,2026-02-20T20:35:11.000+0000,2026-02-20T20:35:11.000+0000
a03oB000000G40OQAS,Unit 2147 - Mississippi Avenue,,a00oB000000mSNNQA2,3800,FALSE,3,Patio;Washer/Dryer;Fitness Center,,2026-02-20T20:35:11.000+0000,2026-02-20T20:35:11.000+0000
a03oB000000G40PQAS,Unit 2148 - Madison Park,001oB00000JcWBmQAN,a00oB000000mSNjQAM,2900,TRUE,2,,,2026-02-20T20:35:11.000+0000,2026-02-20T20:35:11.000+0000
a03oB000000G40QQAS,Unit 2149 - Financial District,,a00oB000000mSNDQA2,2950,FALSE,1,Washer/Dryer,,2026-02-20T20:35:11.000+0000,2026-02-20T20:35:11.000+0000
a03oB000000G40RQAS,Unit 2150 - Irvington,001oB00000JcW7eQAF,a00oB000000mSNTQA2,2150,TRUE,1,Hardwood Floors;Fitness Center,,2026-02-20T20:35:11.000+0000,2026-02-20T20:35:11.000+0000
a03oB000000G40SQAS,Unit 2151 - Ballard,,a00oB000000mSNaQAM,3500,FALSE,2,Patio;Washer/Dryer;Fitness Center,,2026-02-20T20:35:11.000+0000,2026-02-20T20:35:11.000+0000
a03oB000000G40TQAS,Unit 2152 - Financial District,001oB00000JcW9fQAF,a00oB000000mSNDQA2,3600,TRUE,2,,,2026-02-20T20:35:11.000+0000,2026-02-20T20:35:11.000+0000
a03oB000000G40UQAS,Unit 2153 - Alberta Arts District,,a00oB000000mSNKQA2,1950,FALSE,1,Washer/Dryer,,2026-02-20T20:35:11.000+0000,2026-02-20T20:35:11.000+0000
a03oB000000G40VQAS,Unit 2154 - Belltown,001oB00000JcW94QAF,a00oB000000mSNgQAM,4150,TRUE,3,Hardwood Floors;Fitness Center,,2026-02-20T20:35:11.000+0000,2026-02-20T20:35:11.000+0000
a03oB000000G40WQAS,Unit 2155 - Financial District,,a00oB000000mSNDQA2,4200,FALSE,2,Patio;Washer/Dryer;Fitness Center,,2026-02-20T20:35:11.000+0000,2026-02-20T20:35:11.000+0000
a03oB000000G40XQAS,Unit 2156 - Sellwood,001oB00000JcW69QAF,a00oB000000mSNQQA2,1800,TRUE,1,,,2026-02-20T20:35:11.000+0000,2026-02-20T20:35:11.000+0000
a03oB000000G40YQAS,Unit 2157 - West Seattle,,a00oB000000mSNmQAM,3950,FALSE,3,Washer/Dryer,,2026-02-20T20:35:11.000+0000,2026-02-20T20:35:11.000+0000
a03oB000000G40ZQAS,Unit 2158 - Financial District,001oB00000JcW6xQAF,a00oB000000mSNDQA2,3950,TRUE,2,Hardwood Floors;Fitness Center,,2026-02-20T20:35:11.000+0000,2026-02-20T20:35:11.000+0000
a03oB000000G40aQAC,Unit 2159 - Foster-Powell,,a00oB000000mSNWQA2,2400,FALSE,1,Patio;Washer/Dryer;Fitness Center,,2026-02-20T20:35:11.000+0000,2026-02-20T20:35:11.000+0000
a03oB000000G40bQAC,Unit 2160 - University District,001oB00000JcW7QQAV,a00oB000000mSNdQAM,2200,TRUE,1,,,2026-02-20T20:35:11.000+0000,2026-02-20T20:35:11.000+0000
a03oB000000G40cQAC,Unit 2161 - Financial District,,a00oB000000mSNDQA2,3750,FALSE,2,Washer/Dryer,,2026-02-20T20:35:11.000+0000,2026-02-20T20:35:11.000+0000
a03oB000000G40dQAC,Unit 2162 - Mississippi Avenue,001oB00000JcW7bQAF,a00oB000000mSNNQA2,2750,TRUE,2,Hardwood Floors;Fitness Center,,2026-02-20T20:35:11.000+0000,2026-02-20T20:35:11.000+0000
a03oB000000G40eQAC,Unit 2163 - Madison Park,,a00oB000000mSNjQAM,2800,FALSE,1,Patio;Washer/Dryer;Fitness Center,,2026-02-20T20:35:11.000+0000,2026-02-20T20:35:11.000+0000
a03oB000000G40fQAC,Unit 2164 - Financial District,001oB00000JcWBAQA3,a00oB000000mSNDQA2,4800,TRUE,3,,,2026-02-20T20:35:11.000+0000,2026-02-20T20:35:11.000+0000
a03oB000000G40gQAC,Unit 2165 - Irvington,,a00oB000000mSNTQA2,2550,FALSE,2,Washer/Dryer,,2026-02-20T20:35:11.000+0000,2026-02-20T20:35:11.000+0000
a03oB000000G40hQAC,Unit 2166 - Ballard,001oB00000JcWBpQAN,a00oB000000mSNaQAM,2550,TRUE,1,Hardwood Floors;Fitness Center,,2026-02-20T20:35:11.000+0000,2026-02-20T20:35:11.000+0000
a03oB000000G40iQAC,Unit 2167 - Financial District,,a00oB000000mSNDQA2,5400,FALSE,3,Patio;Washer/Dryer;Fitness Center,,2026-02-20T20:35:11.000+0000,2026-02-20T20:35:11.000+0000
a03oB000000G40jQAC,Unit 2168 - Alberta Arts District,001oB00000JcW7YQAV,a00oB000000mSNKQA2,2400,TRUE,2,,,2026-02-20T20:35:11.000+0000,2026-02-20T20:35:11.000+0000
a03oB000000G40kQAC,Unit 2169 - Belltown,,a00oB000000mSNgQAM,2350,FALSE,1,Washer/Dryer,,2026-02-20T20:35:11.000+0000,2026-02-20T20:35:11.000+0000
a03oB000000G40lQAC,Unit 2170 - Financial District,001oB00000JcW9iQAF,a00oB000000mSNDQA2,3150,TRUE,1,Hardwood Floors;Fitness Center,,2026-02-20T20:35:11.000+0000,2026-02-20T20:35:11.000+0000
a03oB000000G40mQAC,Unit 2171 - Sellwood,,a00oB000000mSNQQA2,3000,FALSE,2,Patio;Washer/Dryer;Fitness Center,,2026-02-20T20:35:11.000+0000,2026-02-20T20:35:11.000+0000
a03oB000000G40nQAC,Unit 2172 - West Seattle,001oB00000JcW91QAF,a00oB000000mSNmQAM,2900,TRUE,2,,,2026-02-20T20:35:11.000+0000,2026-02-20T20:35:11.000+0000
a03oB000000G40oQAC,Unit 2173 - Financial District,,a00oB000000mSNDQA2,2950,FALSE,1,Washer/Dryer,,2026-02-20T20:35:11.000+0000,2026-02-20T20:35:11.000+0000
a03oB000000G40pQAC,Unit 2174 - Foster-Powell,001oB00000JcW6CQAV,a00oB000000mSNWQA2,3550,TRUE,3,Hardwood Floors;Fitness Center,,2026-02-20T20:35:11.000+0000,2026-02-20T20:35:11.000+0000
a03oB000000G40qQAC,Unit 2175 - University District,,a00oB000000mSNdQAM,3500,FALSE,2,Patio;Washer/Dryer;Fitness Center,,2026-02-20T20:35:11.000+0000,2026-02-20T20:35:11.000+0000
a03oB000000G40rQAC,Unit 2176 - Financial District,001oB00000JcW6TQAV,a00oB000000mSNDQA2,2800,TRUE,1,,,2026-02-20T20:35:11.000+0000,2026-02-20T20:35:11.000+0000
a03oB000000G40sQAC,Unit 2177 - Mississippi Avenue,,a00oB000000mSNNQA2,3350,FALSE,3,Washer/Dryer,,2026-02-20T20:35:11.000+0000,2026-02-20T20:35:11.000+0000
a03oB000000G40tQAC,Unit 2178 - Madison Park,001oB00000JcWBsQAN,a00oB000000mSNjQAM,3250,TRUE,2,Hardwood Floors;Fitness Center,,2026-02-20T20:35:11.000+0000,2026-02-20T20:35:11.000+0000
a03oB000000G40uQAC,Unit 2179 - Financial District,,a00oB000000mSNDQA2,3400,FALSE,1,Patio;Washer/Dryer;Fitness Center,,2026-02-20T20:35:11.000+0000,2026-02-20T20:35:11.000+0000
a03oB000000G40vQAC,Unit 2180 - Irvington,001oB00000JcW7VQAV,a00oB000000mSNTQA2,1800,TRUE,1,,,2026-02-20T20:35:11.000+0000,2026-02-20T20:35:11.000+0000
a03oB000000G40wQAC,Unit 2181 - Ballard,,a00oB000000mSNaQAM,3050,FALSE,2,Washer/Dryer,,2026-02-20T20:35:11.000+0000,2026-02-20T20:35:11.000+0000
a03oB000000G40xQAC,Unit 2182 - Financial District,001oB00000JcWB7QAN,a00oB000000mSNDQA2,3950,TRUE,2,Hardwood Floors;Fitness Center,,2026-02-20T20:35:11.000+0000,2026-02-20T20:35:11.000+0000
a03oB000000G40yQAC,Unit 2183 - Alberta Arts District,,a00oB000000mSNKQA2,2400,FALSE,1,Patio;Washer/Dryer;Fitness Center,,2026-02-20T20:35:11.000+0000,2026-02-20T20:35:11.000+0000
a03oB000000G40zQAC,Unit 2185 - Financial District,,a00oB000000mSNDQA2,3750,FALSE,2,Washer/Dryer,,2026-02-20T20:35:11.000+0000,2026-02-20T20:35:11.000+0000
a03oB000000G410QAC,Unit 2186 - Sellwood,001oB00000JcW7SQAV,a00oB000000mSNQQA2,2150,TRUE,1,Hardwood Floors;Fitness Center,,2026-02-20T20:35:11.000+0000,2026-02-20T20:35:11.000+0000
a03oB000000G411QAC,Unit 2187 - West Seattle,,a00oB000000mSNmQAM,4400,FALSE,3,Patio;Washer/Dryer;Fitness Center,,2026-02-20T20:35:11.000+0000,2026-02-20T20:35:11.000+0000
a03oB000000G412QAC,Unit 2188 - Financial District,001oB00000JcW9lQAF,a00oB000000mSNDQA2,3600,TRUE,2,,,2026-02-20T20:35:11.000+0000,2026-02-20T20:35:11.000+0000
a03oB000000G413QAC,Unit 2189 - Foster-Powell,,a00oB000000mSNWQA2,1950,FALSE,1,Washer/Dryer,,2026-02-20T20:35:11.000+0000,2026-02-20T20:35:11.000+0000
a03oB000000G414QAC,Unit 2190 - University District,001oB00000JcWBvQAN,a00oB000000mSNdQAM,2550,TRUE,1,Hardwood Floors;Fitness Center,,2026-02-20T20:35:11.000+0000,2026-02-20T20:35:11.000+0000
a03oB000000G415QAC,Unit 2191 - Financial District,,a00oB000000mSNDQA2,4200,FALSE,2,Patio;Washer/Dryer;Fitness Center,,2026-02-20T20:35:11.000+0000,2026-02-20T20:35:11.000+0000
a03oB000000G416QAC,Unit 2192 - Mississippi Avenue,001oB00000JcW6FQAV,a00oB000000mSNNQA2,2400,TRUE,2,,,2026-02-20T20:35:11.000+0000,2026-02-20T20:35:11.000+0000
a03oB000000G417QAC,Unit 2193 - Madison Park,,a00oB000000mSNjQAM,2350,FALSE,1,Washer/Dryer,,2026-02-20T20:35:11.000+0000,2026-02-20T20:35:11.000+0000
a03oB000000G418QAC,Unit 2194 - Financial District,001oB00000JcWB4QAN,a00oB000000mSNDQA2,5150,TRUE,3,Hardwood Floors;Fitness Center,,2026-02-20T20:35:11.000+0000,2026-02-20T20:35:11.000+0000
a03oB000000G419QAC,Unit 2195 - Irvington,,a00oB000000mSNTQA2,3000,FALSE,2,Patio;Washer/Dryer;Fitness Center,,2026-02-20T20:35:11.000+0000,2026-02-20T20:35:11.000+0000
a03oB000000G41AQAS,Unit 2196 - Ballard,001oB00000JcW8vQAF,a00oB000000mSNaQAM,2200,TRUE,1,,,2026-02-20T20:35:11.000+0000,2026-02-20T20:35:11.000+0000
a03oB000000G41BQAS,Unit 2197 - Financial District,,a00oB000000mSNDQA2,4950,FALSE,3,Washer/Dryer,,2026-02-20T20:35:11.000+0000,2026-02-20T20:35:11.000+0000
a03oB000000G41CQAS,Unit 2198 - Alberta Arts District,001oB00000JcW7PQAV,a00oB000000mSNKQA2,2750,TRUE,2,Hardwood Floors;Fitness Center,,2026-02-20T20:35:11.000+0000,2026-02-20T20:35:11.000+0000
a03oB000000G41DQAS,Unit 2199 - Belltown,,a00oB000000mSNgQAM,2800,FALSE,1,Patio;Washer/Dryer;Fitness Center,,2026-02-20T20:35:11.000+0000,2026-02-20T20:35:11.000+0000
a03oB000000G41EQAS,Unit 2200 - Financial District,001oB00000JcW9oQAF,a00oB000000mSNDQA2,2800,TRUE,1,,,2026-02-20T20:35:11.000+0000,2026-02-20T20:35:11.000+0000
a03oB000000G41FQAS,Unit 2201 - Sellwood,,a00oB000000mSNQQA2,2550,FALSE,2,Washer/Dryer,,2026-02-20T20:35:11.000+0000,2026-02-20T20:35:11.000+0000
a03oB000000G41GQAS,Unit 2202 - West Seattle,001oB00000JcW6GQAV,a00oB000000mSNmQAM,3250,TRUE,2,Hardwood Floors;Fitness Center,,2026-02-20T20:35:11.000+0000,2026-02-20T20:35:11.000+0000
a03oB000000G41HQAS,Unit 2203 - Financial District,,a00oB000000mSNDQA2,3400,FALSE,1,Patio;Washer/Dryer;Fitness Center,,2026-02-20T20:35:11.000+0000,2026-02-20T20:35:11.000+0000
a03oB000000G41IQAS,Unit 2204 - Foster-Powell,001oB00000JcW7MQAV,a00oB000000mSNWQA2,3200,TRUE,3,,,2026-02-20T20:35:11.000+0000,2026-02-20T20:35:11.000+0000
a03oB000000G41JQAS,Unit 2205 - University District,,a00oB000000mSNdQAM,3050,FALSE,2,Washer/Dryer,,2026-02-20T20:35:11.000+0000,2026-02-20T20:35:11.000+0000
a03oB000000G41KQAS,Unit 2206 - Financial District,001oB00000JcW70QAF,a00oB000000mSNDQA2,3150,TRUE,1,Hardwood Floors;Fitness Center,,2026-02-20T20:35:11.000+0000,2026-02-20T20:35:11.000+0000
a03oB000000G41LQAS,Unit 2207 - Mississippi Avenue,,a00oB000000mSNNQA2,3800,FALSE,3,Patio;Washer/Dryer;Fitness Center,,2026-02-20T20:35:11.000+0000,2026-02-20T20:35:11.000+0000
a03oB000000G41MQAS,Unit 2208 - Madison Park,001oB00000JcWByQAN,a00oB000000mSNjQAM,2900,TRUE,2,,,2026-02-20T20:35:11.000+0000,2026-02-20T20:35:11.000+0000
a03oB000000G41NQAS,Unit 2209 - Financial District,,a00oB000000mSNDQA2,2950,FALSE,1,Washer/Dryer,,2026-02-20T20:35:11.000+0000,2026-02-20T20:35:11.000+0000
a03oB000000G41OQAS,Unit 2210 - Irvington,001oB00000JcW6IQAV,a00oB000000mSNTQA2,2150,TRUE,1,Hardwood Floors;Fitness Center,,2026-02-20T20:35:11.000+0000,2026-02-20T20:35:11.000+0000
a03oB000000G41PQAS,Unit 2211 - Ballard,,a00oB000000mSNaQAM,3500,FALSE,2,Patio;Washer/Dryer;Fitness Center,,2026-02-20T20:35:11.000+0000,2026-02-20T20:35:11.000+0000
a03oB000000G41QQAS,Unit 2212 - Financial District,001oB00000JcWB1QAN,a00oB000000mSNDQA2,3600,TRUE,2,,,2026-02-20T20:35:11.000+0000,2026-02-20T20:35:11.000+0000
a03oB000000G41RQAS,Unit 2213 - Alberta Arts District,,a00oB000000mSNKQA2,1950,FALSE,1,Washer/Dryer,,2026-02-20T20:35:11.000+0000,2026-02-20T20:35:11.000+0000
a03oB000000G41SQAS,Unit 2214 - Belltown,001oB00000JcW8sQAF,a00oB000000mSNgQAM,4150,TRUE,3,Hardwood Floors;Fitness Center,,2026-02-20T20:35:11.000+0000,2026-02-20T20:35:11.000+0000
a03oB000000G41TQAS,Unit 2215 - Financial District,,a00oB000000mSNDQA2,4200,FALSE,2,Patio;Washer/Dryer;Fitness Center,,2026-02-20T20:35:11.000+0000,2026-02-20T20:35:11.000+0000
a03oB000000G41UQAS,Unit 2216 - Sellwood,001oB00000JcW7JQAV,a00oB000000mSNQQA2,1800,TRUE,1,,,2026-02-20T20:35:11.000+0000,2026-02-20T20:35:11.000+0000
a03oB000000G41VQAS,Unit 2217 - West Seattle,,a00oB000000mSNmQAM,3950,FALSE,3,Washer/Dryer,,2026-02-20T20:35:11.000+0000,2026-02-20T20:35:11.000+0000
a03oB000000G41WQAS,Unit 2218 - Financial District,001oB00000JcW9rQAF,a00oB000000mSNDQA2,3950,TRUE,2,Hardwood Floors;Fitness Center,,2026-02-20T20:35:11.000+0000,2026-02-20T20:35:11.000+0000
a03oB000000G41XQAS,Unit 2219 - Foster-Powell,,a00oB000000mSNWQA2,2400,FALSE,1,Patio;Washer/Dryer;Fitness Center,,2026-02-20T20:35:11.000+0000,2026-02-20T20:35:11.000+0000
a03oB000000G41YQAS,Unit 2220 - University District,001oB00000JcW8mQAF,a00oB000000mSNdQAM,2200,TRUE,1,,,2026-02-20T20:35:11.000+0000,2026-02-20T20:35:11.000+0000
a03oB000000G41ZQAS,Unit 2221 - Financial District,,a00oB000000mSNDQA2,3750,FALSE,2,Washer/Dryer,,2026-02-20T20:35:11.000+0000,2026-02-20T20:35:11.000+0000
a03oB000000G41aQAC,Unit 2222 - Mississippi Avenue,001oB00000JcW7GQAV,a00oB000000mSNNQA2,2750,TRUE,2,Hardwood Floors;Fitness Center,,2026-02-20T20:35:11.000+0000,2026-02-20T20:35:11.000+0000
a03oB000000G41bQAC,Unit 2223 - Madison Park,,a00oB000000mSNjQAM,2800,FALSE,1,Patio;Washer/Dryer;Fitness Center,,2026-02-20T20:35:11.000+0000,2026-02-20T20:35:11.000+0000
a03oB000000G41cQAC,Unit 2224 - Financial District,001oB00000JcWAvQAN,a00oB000000mSNDQA2,4800,TRUE,3,,,2026-02-20T20:35:11.000+0000,2026-02-20T20:35:11.000+0000
a03oB000000G41dQAC,Unit 2225 - Irvington,,a00oB000000mSNTQA2,2550,FALSE,2,Washer/Dryer,,2026-02-20T20:35:11.000+0000,2026-02-20T20:35:11.000+0000
a03oB000000G41eQAC,Unit 2226 - Ballard,001oB00000JcW5aQAF,a00oB000000mSNaQAM,2550,TRUE,1,Hardwood Floors;Fitness Center,,2026-02-20T20:35:11.000+0000,2026-02-20T20:35:11.000+0000
a03oB000000G41fQAC,Unit 2227 - Financial District,,a00oB000000mSNDQA2,5400,FALSE,3,Patio;Washer/Dryer;Fitness Center,,2026-02-20T20:35:11.000+0000,2026-02-20T20:35:11.000+0000
a03oB000000G41gQAC,Unit 2228 - Alberta Arts District,001oB00000JcW6LQAV,a00oB000000mSNKQA2,2400,TRUE,2,,,2026-02-20T20:35:11.000+0000,2026-02-20T20:35:11.000+0000
a03oB000000G41hQAC,Unit 2229 - Belltown,,a00oB000000mSNgQAM,2350,FALSE,1,Washer/Dryer,,2026-02-20T20:35:11.000+0000,2026-02-20T20:35:11.000+0000
a03oB000000G41iQAC,Unit 2230 - Financial District,001oB00000JcW9xQAF,a00oB000000mSNDQA2,3150,TRUE,1,Hardwood Floors;Fitness Center,,2026-02-20T20:35:11.000+0000,2026-02-20T20:35:11.000+0000
a03oB000000G41jQAC,Unit 2231 - Sellwood,,a00oB000000mSNQQA2,3000,FALSE,2,Patio;Washer/Dryer;Fitness Center,,2026-02-20T20:35:11.000+0000,2026-02-20T20:35:11.000+0000
a03oB000000G41kQAC,Unit 2232 - West Seattle,001oB00000JcW7NQAV,a00oB000000mSNmQAM,2900,TRUE,2,,,2026-02-20T20:35:11.000+0000,2026-02-20T20:35:11.000+0000
a03oB000000G41lQAC,Unit 2233 - Financial District,,a00oB000000mSNDQA2,2950,FALSE,1,Washer/Dryer,,2026-02-20T20:35:11.000+0000,2026-02-20T20:35:11.000+0000
a03oB000000G41mQAC,Unit 2234 - Foster-Powell,001oB00000JcW7DQAV,a00oB000000mSNWQA2,3550,TRUE,3,Hardwood Floors;Fitness Center,,2026-02-20T20:35:11.000+0000,2026-02-20T20:35:11.000+0000
a03oB000000G41nQAC,Unit 2235 - University District,,a00oB000000mSNdQAM,3500,FALSE,2,Patio;Washer/Dryer;Fitness Center,,2026-02-20T20:35:11.000+0000,2026-02-20T20:35:11.000+0000
a03oB000000G41oQAC,Unit 2236 - Financial District,001oB00000JcW73QAF,a00oB000000mSNDQA2,2800,TRUE,1,,,2026-02-20T20:35:11.000+0000,2026-02-20T20:35:11.000+0000
a03oB000000G41pQAC,Unit 2237 - Mississippi Avenue,,a00oB000000mSNNQA2,3350,FALSE,3,Washer/Dryer,,2026-02-20T20:35:11.000+0000,2026-02-20T20:35:11.000+0000
a03oB000000G41qQAC,Unit 2238 - Madison Park,001oB00000JcW8jQAF,a00oB000000mSNjQAM,3250,TRUE,2,Hardwood Floors;Fitness Center,,2026-02-20T20:35:11.000+0000,2026-02-20T20:35:11.000+0000
a03oB000000G41rQAC,Unit 2239 - Financial District,,a00oB000000mSNDQA2,3400,FALSE,1,Patio;Washer/Dryer;Fitness Center,,2026-02-20T20:35:11.000+0000,2026-02-20T20:35:11.000+0000
a03oB000000G41sQAC,Unit 2240 - Irvington,001oB00000JcW7AQAV,a00oB000000mSNTQA2,1800,TRUE,1,,,2026-02-20T20:35:11.000+0000,2026-02-20T20:35:11.000+0000
a03oB000000G41tQAC,Unit 2241 - Ballard,,a00oB000000mSNaQAM,3050,FALSE,2,Washer/Dryer,,2026-02-20T20:35:11.000+0000,2026-02-20T20:35:11.000+0000
a03oB000000G41uQAC,Unit 2242 - Financial District,001oB00000JcWAsQAN,a00oB000000mSNDQA2,3950,TRUE,2,Hardwood Floors;Fitness Center,,2026-02-20T20:35:11.000+0000,2026-02-20T20:35:11.000+0000
a03oB000000G41vQAC,Unit 2243 - Alberta Arts District,,a00oB000000mSNKQA2,2400,FALSE,1,Patio;Washer/Dryer;Fitness Center,,2026-02-20T20:35:11.000+0000,2026-02-20T20:35:11.000+0000
a03oB000000G41wQAC,Unit 2244 - Belltown,001oB00000JcW6kQAF,a00oB000000mSNgQAM,3800,TRUE,3,,,2026-02-20T20:35:11.000+0000,2026-02-20T20:35:11.000+0000
a03oB000000G41xQAC,Unit 2245 - Financial District,,a00oB000000mSNDQA2,3750,FALSE,2,Washer/Dryer,,2026-02-20T20:35:11.000+0000,2026-02-20T20:35:11.000+0000
a03oB000000G41yQAC,Unit 2246 - Sellwood,001oB00000JcW6OQAV,a00oB000000mSNQQA2,2150,TRUE,1,Hardwood Floors;Fitness Center,,2026-02-20T20:35:11.000+0000,2026-02-20T20:35:11.000+0000
a03oB000000G41zQAC,Unit 2247 - West Seattle,,a00oB000000mSNmQAM,4400,FALSE,3,Patio;Washer/Dryer;Fitness Center,,2026-02-20T20:35:11.000+0000,2026-02-20T20:35:11.000+0000
a03oB000000G420QAC,Unit 2248 - Financial District,001oB00000JcWA0QAN,a00oB000000mSNDQA2,3600,TRUE,2,,,2026-02-20T20:35:11.000+0000,2026-02-20T20:35:11.000+0000
a03oB000000G421QAC,Unit 2249 - Foster-Powell,,a00oB000000mSNWQA2,1950,FALSE,1,Washer/Dryer,,2026-02-20T20:35:11.000+0000,2026-02-20T20:35:11.000+0000
a03oB000000G422QAC,Unit 2250 - University District,001oB00000JcW8gQAF,a00oB000000mSNdQAM,2550,TRUE,1,Hardwood Floors;Fitness Center,,2026-02-20T20:35:11.000+0000,2026-02-20T20:35:11.000+0000
a03oB000000G423QAC,Unit 2251 - Financial District,,a00oB000000mSNDQA2,4200,FALSE,2,Patio;Washer/Dryer;Fitness Center,,2026-02-20T20:35:11.000+0000,2026-02-20T20:35:11.000+0000
a03oB000000G424QAC,Unit 2252 - Mississippi Avenue,001oB00000JcW77QAF,a00oB000000mSNNQA2,2400,TRUE,2,,,2026-02-20T20:35:11.000+0000,2026-02-20T20:35:11.000+0000
a03oB000000G425QAC,Unit 2253 - Madison Park,,a00oB000000mSNjQAM,2350,FALSE,1,Washer/Dryer,,2026-02-20T20:35:11.000+0000,2026-02-20T20:35:11.000+0000
a03oB000000G426QAC,Unit 2254 - Financial District,001oB00000JcW6QQAV,a00oB000000mSNDQA2,5150,TRUE,3,Hardwood Floors;Fitness Center,,2026-02-20T20:35:11.000+0000,2026-02-20T20:35:11.000+0000
a03oB000000G427QAC,Unit 2255 - Irvington,,a00oB000000mSNTQA2,3000,FALSE,2,Patio;Washer/Dryer;Fitness Center,,2026-02-20T20:35:11.000+0000,2026-02-20T20:35:11.000+0000
a03oB000000G428QAC,Unit 2256 - Ballard,001oB00000JcW5dQAF,a00oB000000mSNaQAM,2200,TRUE,1,,,2026-02-20T20:35:11.000+0000,2026-02-20T20:35:11.000+0000
a03oB000000G429QAC,Unit 2257 - Financial District,,a00oB000000mSNDQA2,4950,FALSE,3,Washer/Dryer,,2026-02-20T20:35:11.000+0000,2026-02-20T20:35:11.000+0000
a03oB000000G42AQAS,Unit 2258 - Alberta Arts District,001oB00000JcW74QAF,a00oB000000mSNKQA2,2750,TRUE,2,Hardwood Floors;Fitness Center,,2026-02-20T20:35:11.000+0000,2026-02-20T20:35:11.000+0000
a03oB000000G42BQAS,Unit 2259 - Belltown,,a00oB000000mSNgQAM,2800,FALSE,1,Patio;Washer/Dryer;Fitness Center,,2026-02-20T20:35:11.000+0000,2026-02-20T20:35:11.000+0000
a03oB000000G42CQAS,Unit 2260 - Financial District,001oB00000JcWApQAN,a00oB000000mSNDQA2,2800,TRUE,1,,,2026-02-20T20:35:11.000+0000,2026-02-20T20:35:11.000+0000
a03oB000000G42DQAS,Unit 2261 - Sellwood,,a00oB000000mSNQQA2,2550,FALSE,2,Washer/Dryer,,2026-02-20T20:35:11.000+0000,2026-02-20T20:35:11.000+0000
a03oB000000G42EQAS,Unit 2262 - West Seattle,001oB00000JcW7KQAV,a00oB000000mSNmQAM,3250,TRUE,2,Hardwood Floors;Fitness Center,,2026-02-20T20:35:11.000+0000,2026-02-20T20:35:11.000+0000
a03oB000000G42FQAS,Unit 2263 - Financial District,,a00oB000000mSNDQA2,3400,FALSE,1,Patio;Washer/Dryer;Fitness Center,,2026-02-20T20:35:11.000+0000,2026-02-20T20:35:11.000+0000
a03oB000000G42GQAS,Unit 2264 - Foster-Powell,001oB00000JcW6RQAV,a00oB000000mSNWQA2,3200,TRUE,3,,,2026-02-20T20:35:11.000+0000,2026-02-20T20:35:11.000+0000
a03oB000000G42HQAS,Unit 2265 - University District,,a00oB000000mSNdQAM,3050,FALSE,2,Washer/Dryer,,2026-02-20T20:35:11.000+0000,2026-02-20T20:35:11.000+0000
a03oB000000G42IQAS,Unit 2266 - Financial District,001oB00000JcWA3QAN,a00oB000000mSNDQA2,3150,TRUE,1,Hardwood Floors;Fitness Center,,2026-02-20T20:35:11.000+0000,2026-02-20T20:35:11.000+0000
a03oB000000G42JQAS,Unit 2267 - Mississippi Avenue,,a00oB000000mSNNQA2,3800,FALSE,3,Patio;Washer/Dryer;Fitness Center,,2026-02-20T20:35:11.000+0000,2026-02-20T20:35:11.000+0000
a03oB000000G42KQAS,Unit 2268 - Madison Park,001oB00000JcW8dQAF,a00oB000000mSNjQAM,2900,TRUE,2,,,2026-02-20T20:35:11.000+0000,2026-02-20T20:35:11.000+0000
a03oB000000G42LQAS,Unit 2269 - Financial District,,a00oB000000mSNDQA2,2950,FALSE,1,Washer/Dryer,,2026-02-20T20:35:11.000+0000,2026-02-20T20:35:11.000+0000
a03oB000000G42MQAS,Unit 2270 - Irvington,001oB00000JcW71QAF,a00oB000000mSNTQA2,2150,TRUE,1,Hardwood Floors;Fitness Center,,2026-02-20T20:35:11.000+0000,2026-02-20T20:35:11.000+0000
a03oB000000G42NQAS,Unit 2271 - Ballard,,a00oB000000mSNaQAM,3500,FALSE,2,Patio;Washer/Dryer;Fitness Center,,2026-02-20T20:35:11.000+0000,2026-02-20T20:35:11.000+0000
a03oB000000G42OQAS,Unit 2272 - Financial District,001oB00000JcWAmQAN,a00oB000000mSNDQA2,3600,TRUE,2,,,2026-02-20T20:35:11.000+0000,2026-02-20T20:35:11.000+0000
a03oB000000G42PQAS,Unit 2273 - Alberta Arts District,,a00oB000000mSNKQA2,1950,FALSE,1,Washer/Dryer,,2026-02-20T20:35:11.000+0000,2026-02-20T20:35:11.000+0000
a03oB000000G42QQAS,Unit 2274 - Belltown,001oB00000JcW8aQAF,a00oB000000mSNgQAM,4150,TRUE,3,Hardwood Floors;Fitness Center,,2026-02-20T20:35:11.000+0000,2026-02-20T20:35:11.000+0000
a03oB000000G42RQAS,Unit 2275 - Financial District,,a00oB000000mSNDQA2,4200,FALSE,2,Patio;Washer/Dryer;Fitness Center,,2026-02-20T20:35:11.000+0000,2026-02-20T20:35:11.000+0000
a03oB000000G42SQAS,Unit 2276 - Sellwood,001oB00000JcW6yQAF,a00oB000000mSNQQA2,1800,TRUE,1,,,2026-02-20T20:35:11.000+0000,2026-02-20T20:35:11.000+0000
a03oB000000G42TQAS,Unit 2277 - West Seattle,,a00oB000000mSNmQAM,3950,FALSE,3,Washer/Dryer,,2026-02-20T20:35:11.000+0000,2026-02-20T20:35:11.000+0000
a03oB000000G42UQAS,Unit 2278 - Financial District,001oB00000JcWA6QAN,a00oB000000mSNDQA2,3950,TRUE,2,Hardwood Floors;Fitness Center,,2026-02-20T20:35:11.000+0000,2026-02-20T20:35:11.000+0000
a03oB000000G42VQAS,Unit 2279 - Foster-Powell,,a00oB000000mSNWQA2,2400,FALSE,1,Patio;Washer/Dryer;Fitness Center,,2026-02-20T20:35:11.000+0000,2026-02-20T20:35:11.000+0000
a03oB000000G42WQAS,Unit 2280 - University District,001oB00000JcW5gQAF,a00oB000000mSNdQAM,2200,TRUE,1,,,2026-02-20T20:35:11.000+0000,2026-02-20T20:35:11.000+0000
a03oB000000G42XQAS,Unit 2281 - Financial District,,a00oB000000mSNDQA2,3750,FALSE,2,Washer/Dryer,,2026-02-20T20:35:11.000+0000,2026-02-20T20:35:11.000+0000
a03oB000000G42YQAS,Unit 2282 - Mississippi Avenue,001oB00000JcW6UQAV,a00oB000000mSNNQA2,2750,TRUE,2,Hardwood Floors;Fitness Center,,2026-02-20T20:35:11.000+0000,2026-02-20T20:35:11.000+0000
a03oB000000G42ZQAS,Unit 2283 - Madison Park,,a00oB000000mSNjQAM,2800,FALSE,1,Patio;Washer/Dryer;Fitness Center,,2026-02-20T20:35:11.000+0000,2026-02-20T20:35:11.000+0000
a03oB000000G42aQAC,Unit 2284 - Financial District,001oB00000JcW76QAF,a00oB000000mSNDQA2,4800,TRUE,3,,,2026-02-20T20:35:11.000+0000,2026-02-20T20:35:11.000+0000
a03oB000000G42bQAC,Unit 2285 - Irvington,,a00oB000000mSNTQA2,2550,FALSE,2,Washer/Dryer,,2026-02-20T20:35:11.000+0000,2026-02-20T20:35:11.000+0000
a03oB000000G42cQAC,Unit 2286 - Ballard,001oB00000JcW6JQAV,a00oB000000mSNaQAM,2550,TRUE,1,Hardwood Floors;Fitness Center,,2026-02-20T20:35:11.000+0000,2026-02-20T20:35:11.000+0000
a03oB000000G42dQAC,Unit 2287 - Financial District,,a00oB000000mSNDQA2,5400,FALSE,3,Patio;Washer/Dryer;Fitness Center,,2026-02-20T20:35:11.000+0000,2026-02-20T20:35:11.000+0000
a03oB000000G42eQAC,Unit 2288 - Alberta Arts District,001oB00000JcW6sQAF,a00oB000000mSNKQA2,2400,TRUE,2,,,2026-02-20T20:35:11.000+0000,2026-02-20T20:35:11.000+0000
a03oB000000G42fQAC,Unit 2289 - Belltown,,a00oB000000mSNgQAM,2350,FALSE,1,Washer/Dryer,,2026-02-20T20:35:11.000+0000,2026-02-20T20:35:11.000+0000
a03oB000000G42gQAC,Unit 2290 - Financial District,001oB00000JcWAjQAN,a00oB000000mSNDQA2,3150,TRUE,1,Hardwood Floors;Fitness Center,,2026-02-20T20:35:11.000+0000,2026-02-20T20:35:11.000+0000
a03oB000000G42hQAC,Unit 2291 - Sellwood,,a00oB000000mSNQQA2,3000,FALSE,2,Patio;Washer/Dryer;Fitness Center,,2026-02-20T20:35:11.000+0000,2026-02-20T20:35:11.000+0000
a03oB000000G42iQAC,Unit 2292 - West Seattle,001oB00000JcW8XQAV,a00oB000000mSNmQAM,2900,TRUE,2,,,2026-02-20T20:35:11.000+0000,2026-02-20T20:35:11.000+0000
a03oB000000G42jQAC,Unit 2293 - Financial District,,a00oB000000mSNDQA2,2950,FALSE,1,Washer/Dryer,,2026-02-20T20:35:11.000+0000,2026-02-20T20:35:11.000+0000
a03oB000000G42kQAC,Unit 2294 - Foster-Powell,001oB00000JcW6XQAV,a00oB000000mSNWQA2,3550,TRUE,3,Hardwood Floors;Fitness Center,,2026-02-20T20:35:11.000+0000,2026-02-20T20:35:11.000+0000
a03oB000000G42lQAC,Unit 2295 - University District,,a00oB000000mSNdQAM,3500,FALSE,2,Patio;Washer/Dryer;Fitness Center,,2026-02-20T20:35:11.000+0000,2026-02-20T20:35:11.000+0000
a03oB000000G42mQAC,Unit 2296 - Financial District,001oB00000JcWA9QAN,a00oB000000mSNDQA2,2800,TRUE,1,,,2026-02-20T20:35:11.000+0000,2026-02-20T20:35:11.000+0000
a03oB000000G42nQAC,Unit 2297 - Mississippi Avenue,,a00oB000000mSNNQA2,3350,FALSE,3,Washer/Dryer,,2026-02-20T20:35:11.000+0000,2026-02-20T20:35:11.000+0000
a03oB000000G42oQAC,Unit 2298 - Madison Park,001oB00000JcW6tQAF,a00oB000000mSNjQAM,3250,TRUE,2,Hardwood Floors;Fitness Center,,2026-02-20T20:35:11.000+0000,2026-02-20T20:35:11.000+0000
a03oB000000G42pQAC,Unit 2299 - Financial District,,a00oB000000mSNDQA2,3400,FALSE,1,Patio;Washer/Dryer;Fitness Center,,2026-02-20T20:35:11.000+0000,2026-02-20T20:35:11.000+0000
a03oB000000G42qQAC,Unit 2300 - Irvington,001oB00000JcW6pQAF,a00oB000000mSNTQA2,1800,TRUE,1,,,2026-02-20T20:35:11.000+0000,2026-02-20T20:35:11.000+0000
a03oB000000G42rQAC,Unit 2301 - Ballard,,a00oB000000mSNaQAM,3050,FALSE,2,Washer/Dryer,,2026-02-20T20:35:11.000+0000,2026-02-20T20:35:11.000+0000
a03oB000000G42sQAC,Unit 2302 - Financial District,001oB00000JcWAgQAN,a00oB000000mSNDQA2,3950,TRUE,2,Hardwood Floors;Fitness Center,,2026-02-20T20:35:11.000+0000,2026-02-20T20:35:11.000+0000
a03oB000000G42tQAC,Unit 2303 - Alberta Arts District,,a00oB000000mSNKQA2,2400,FALSE,1,Patio;Washer/Dryer;Fitness Center,,2026-02-20T20:35:11.000+0000,2026-02-20T20:35:11.000+0000
a03oB000000G42uQAC,Unit 2304 - Belltown,001oB00000JcW8UQAV,a00oB000000mSNgQAM,3800,TRUE,3,,,2026-02-20T20:35:11.000+0000,2026-02-20T20:35:11.000+0000
a03oB000000G42vQAC,Unit 2305 - Financial District,,a00oB000000mSNDQA2,3750,FALSE,2,Washer/Dryer,,2026-02-20T20:35:11.000+0000,2026-02-20T20:35:11.000+0000
a03oB000000G42wQAC,Unit 2306 - Sellwood,001oB00000JcW6mQAF,a00oB000000mSNQQA2,2150,TRUE,1,Hardwood Floors;Fitness Center,,2026-02-20T20:35:11.000+0000,2026-02-20T20:35:11.000+0000
a03oB000000G42xQAC,Unit 2307 - West Seattle,,a00oB000000mSNmQAM,4400,FALSE,3,Patio;Washer/Dryer;Fitness Center,,2026-02-20T20:35:11.000+0000,2026-02-20T20:35:11.000+0000
a03oB000000G42yQAC,Unit 2308 - Financial District,001oB00000JcWACQA3,a00oB000000mSNDQA2,3600,TRUE,2,,,2026-02-20T20:35:11.000+0000,2026-02-20T20:35:11.000+0000
a03oB000000G42zQAC,Unit 2309 - Foster-Powell,,a00oB000000mSNWQA2,1950,FALSE,1,Washer/Dryer,,2026-02-20T20:35:11.000+0000,2026-02-20T20:35:11.000+0000
a03oB000000G430QAC,Unit 2310 - University District,001oB00000JcW5jQAF,a00oB000000mSNdQAM,2550,TRUE,1,Hardwood Floors;Fitness Center,,2026-02-20T20:35:11.000+0000,2026-02-20T20:35:11.000+0000
a03oB000000G431QAC,Unit 2311 - Financial District,,a00oB000000mSNDQA2,4200,FALSE,2,Patio;Washer/Dryer;Fitness Center,,2026-02-20T20:35:11.000+0000,2026-02-20T20:35:11.000+0000
a03oB000000G432QAC,Unit 2312 - Mississippi Avenue,001oB00000JcW6aQAF,a00oB000000mSNNQA2,2400,TRUE,2,,,2026-02-20T20:35:11.000+0000,2026-02-20T20:35:11.000+0000
a03oB000000G433QAC,Unit 2313 - Madison Park,,a00oB000000mSNjQAM,2350,FALSE,1,Washer/Dryer,,2026-02-20T20:35:11.000+0000,2026-02-20T20:35:11.000+0000
a03oB000000G434QAC,Unit 2314 - Financial District,001oB00000JcWAdQAN,a00oB000000mSNDQA2,5150,TRUE,3,Hardwood Floors;Fitness Center,,2026-02-20T20:35:11.000+0000,2026-02-20T20:35:11.000+0000
a03oB000000G435QAC,Unit 2315 - Irvington,,a00oB000000mSNTQA2,3000,FALSE,2,Patio;Washer/Dryer;Fitness Center,,2026-02-20T20:35:11.000+0000,2026-02-20T20:35:11.000+0000
a03oB000000G436QAC,Unit 2316 - Ballard,001oB00000JcW7HQAV,a00oB000000mSNaQAM,2200,TRUE,1,,,2026-02-20T20:35:11.000+0000,2026-02-20T20:35:11.000+0000
a03oB000000G437QAC,Unit 2317 - Financial District,,a00oB000000mSNDQA2,4950,FALSE,3,Washer/Dryer,,2026-02-20T20:35:11.000+0000,2026-02-20T20:35:11.000+0000
a03oB000000G438QAC,Unit 2318 - Alberta Arts District,001oB00000JcW6jQAF,a00oB000000mSNKQA2,2750,TRUE,2,Hardwood Floors;Fitness Center,,2026-02-20T20:35:11.000+0000,2026-02-20T20:35:11.000+0000
a03oB000000G439QAC,Unit 2319 - Belltown,,a00oB000000mSNgQAM,2800,FALSE,1,Patio;Washer/Dryer;Fitness Center,,2026-02-20T20:35:11.000+0000,2026-02-20T20:35:11.000+0000
a03oB000000G43AQAS,Unit 2320 - Financial District,001oB00000JcWAFQA3,a00oB000000mSNDQA2,2800,TRUE,1,,,2026-02-20T20:35:11.000+0000,2026-02-20T20:35:11.000+0000
a03oB000000G43BQAS,Unit 2321 - Sellwood,,a00oB000000mSNQQA2,2550,FALSE,2,Washer/Dryer,,2026-02-20T20:35:11.000+0000,2026-02-20T20:35:11.000+0000
a03oB000000G43CQAS,Unit 2322 - West Seattle,001oB00000JcW8RQAV,a00oB000000mSNmQAM,3250,TRUE,2,Hardwood Floors;Fitness Center,,2026-02-20T20:35:11.000+0000,2026-02-20T20:35:11.000+0000
a03oB000000G43DQAS,Unit 2323 - Financial District,,a00oB000000mSNDQA2,3400,FALSE,1,Patio;Washer/Dryer;Fitness Center,,2026-02-20T20:35:11.000+0000,2026-02-20T20:35:11.000+0000
a03oB000000G43EQAS,Unit 2324 - Foster-Powell,001oB00000JcW6gQAF,a00oB000000mSNWQA2,3200,TRUE,3,,,2026-02-20T20:35:11.000+0000,2026-02-20T20:35:11.000+0000
a03oB000000G43FQAS,Unit 2325 - University District,,a00oB000000mSNdQAM,3050,FALSE,2,Washer/Dryer,,2026-02-20T20:35:11.000+0000,2026-02-20T20:35:11.000+0000
a03oB000000G43GQAS,Unit 2326 - Financial District,001oB00000JcW79QAF,a00oB000000mSNDQA2,3150,TRUE,1,Hardwood Floors;Fitness Center,,2026-02-20T20:35:11.000+0000,2026-02-20T20:35:11.000+0000
a03oB000000G43HQAS,Unit 2327 - Mississippi Avenue,,a00oB000000mSNNQA2,3800,FALSE,3,Patio;Washer/Dryer;Fitness Center,,2026-02-20T20:35:11.000+0000,2026-02-20T20:35:11.000+0000
a03oB000000G43IQAS,Unit 2328 - Madison Park,001oB00000JcW8OQAV,a00oB000000mSNjQAM,2900,TRUE,2,,,2026-02-20T20:35:11.000+0000,2026-02-20T20:35:11.000+0000
a03oB000000G43JQAS,Unit 2329 - Financial District,,a00oB000000mSNDQA2,2950,FALSE,1,Washer/Dryer,,2026-02-20T20:35:11.000+0000,2026-02-20T20:35:11.000+0000
a03oB000000G43KQAS,Unit 2330 - Irvington,001oB00000JcW6dQAF,a00oB000000mSNTQA2,2150,TRUE,1,Hardwood Floors;Fitness Center,,2026-02-20T20:35:11.000+0000,2026-02-20T20:35:11.000+0000
a03oB000000G43LQAS,Unit 2331 - Ballard,,a00oB000000mSNaQAM,3500,FALSE,2,Patio;Washer/Dryer;Fitness Center,,2026-02-20T20:35:11.000+0000,2026-02-20T20:35:11.000+0000
a03oB000000G43MQAS,Unit 2332 - Financial District,001oB00000JcWAaQAN,a00oB000000mSNDQA2,3600,TRUE,2,,,2026-02-20T20:35:11.000+0000,2026-02-20T20:35:11.000+0000
a03oB000000G43NQAS,Unit 2333 - Alberta Arts District,,a00oB000000mSNKQA2,1950,FALSE,1,Washer/Dryer,,2026-02-20T20:35:11.000+0000,2026-02-20T20:35:11.000+0000
a03oB000000G43OQAS,Unit 2334 - Belltown,001oB00000JcW5mQAF,a00oB000000mSNgQAM,4150,TRUE,3,Hardwood Floors;Fitness Center,,2026-02-20T20:35:11.000+0000,2026-02-20T20:35:11.000+0000
a03oB000000G43PQAS,Unit 2335 - Financial District,,a00oB000000mSNDQA2,4200,FALSE,2,Patio;Washer/Dryer;Fitness Center,,2026-02-20T20:35:11.000+0000,2026-02-20T20:35:11.000+0000
a03oB000000G43QQAS,Unit 2336 - Sellwood,001oB00000JcWC0QAN,a00oB000000mSNQQA2,1800,TRUE,1,,,2026-02-20T20:35:11.000+0000,2026-02-20T20:35:11.000+0000
a03oB000000G43RQAS,Unit 2337 - West Seattle,,a00oB000000mSNmQAM,3950,FALSE,3,Washer/Dryer,,2026-02-20T20:35:11.000+0000,2026-02-20T20:35:11.000+0000
a03oB000000G43SQAS,Unit 2338 - Financial District,001oB00000JcWAIQA3,a00oB000000mSNDQA2,3950,TRUE,2,Hardwood Floors;Fitness Center,,2026-02-20T20:35:11.000+0000,2026-02-20T20:35:11.000+0000
a03oB000000G43TQAS,Unit 2339 - Foster-Powell,,a00oB000000mSNWQA2,2400,FALSE,1,Patio;Washer/Dryer;Fitness Center,,2026-02-20T20:35:11.000+0000,2026-02-20T20:35:11.000+0000
a03oB000000G43UQAS,Unit 2340 - University District,001oB00000JcW7EQAV,a00oB000000mSNdQAM,2200,TRUE,1,,,2026-02-20T20:35:11.000+0000,2026-02-20T20:35:11.000+0000
a03oB000000G43VQAS,Unit 2341 - Financial District,,a00oB000000mSNDQA2,3750,FALSE,2,Washer/Dryer,,2026-02-20T20:35:11.000+0000,2026-02-20T20:35:11.000+0000
a03oB000000G43WQAS,Unit 2342 - Mississippi Avenue,001oB00000JcWBxQAN,a00oB000000mSNNQA2,2750,TRUE,2,Hardwood Floors;Fitness Center,,2026-02-20T20:35:11.000+0000,2026-02-20T20:35:11.000+0000
a03oB000000G43XQAS,Unit 2343 - Madison Park,,a00oB000000mSNjQAM,2800,FALSE,1,Patio;Washer/Dryer;Fitness Center,,2026-02-20T20:35:11.000+0000,2026-02-20T20:35:11.000+0000
a03oB000000G43YQAS,Unit 2344 - Financial District,001oB00000JcW6NQAV,a00oB000000mSNDQA2,4800,TRUE,3,,,2026-02-20T20:35:11.000+0000,2026-02-20T20:35:11.000+0000
a03oB000000G43ZQAS,Unit 2345 - Irvington,,a00oB000000mSNTQA2,2550,FALSE,2,Washer/Dryer,,2026-02-20T20:35:11.000+0000,2026-02-20T20:35:11.000+0000
a03oB000000G43aQAC,Unit 2346 - Ballard,001oB00000JcW8LQAV,a00oB000000mSNaQAM,2550,TRUE,1,Hardwood Floors;Fitness Center,,2026-02-20T20:35:11.000+0000,2026-02-20T20:35:11.000+0000
a03oB000000G43bQAC,Unit 2347 - Financial District,,a00oB000000mSNDQA2,5400,FALSE,3,Patio;Washer/Dryer;Fitness Center,,2026-02-20T20:35:11.000+0000,2026-02-20T20:35:11.000+0000
a03oB000000G43cQAC,Unit 2348 - Alberta Arts District,001oB00000JcWBuQAN,a00oB000000mSNKQA2,2400,TRUE,2,,,2026-02-20T20:35:11.000+0000,2026-02-20T20:35:11.000+0000
a03oB000000G43dQAC,Unit 2349 - Belltown,,a00oB000000mSNgQAM,2350,FALSE,1,Washer/Dryer,,2026-02-20T20:35:11.000+0000,2026-02-20T20:35:11.000+0000
a03oB000000G43eQAC,Unit 2350 - Financial District,001oB00000JcWAXQA3,a00oB000000mSNDQA2,3150,TRUE,1,Hardwood Floors;Fitness Center,,2026-02-20T20:35:11.000+0000,2026-02-20T20:35:11.000+0000
a03oB000000G43fQAC,Unit 2351 - Sellwood,,a00oB000000mSNQQA2,3000,FALSE,2,Patio;Washer/Dryer;Fitness Center,,2026-02-20T20:35:11.000+0000,2026-02-20T20:35:11.000+0000
a03oB000000G43gQAC,Unit 2352 - West Seattle,001oB00000JcW8IQAV,a00oB000000mSNmQAM,2900,TRUE,2,,,2026-02-20T20:35:11.000+0000,2026-02-20T20:35:11.000+0000
a03oB000000G43hQAC,Unit 2353 - Financial District,,a00oB000000mSNDQA2,2950,FALSE,1,Washer/Dryer,,2026-02-20T20:35:11.000+0000,2026-02-20T20:35:11.000+0000
a03oB000000G43iQAC,Unit 2354 - Foster-Powell,001oB00000JcWBrQAN,a00oB000000mSNWQA2,3550,TRUE,3,Hardwood Floors;Fitness Center,,2026-02-20T20:35:11.000+0000,2026-02-20T20:35:11.000+0000
a03oB000000G43jQAC,Unit 2355 - University District,,a00oB000000mSNdQAM,3500,FALSE,2,Patio;Washer/Dryer;Fitness Center,,2026-02-20T20:35:11.000+0000,2026-02-20T20:35:11.000+0000
a03oB000000G43kQAC,Unit 2356 - Financial District,001oB00000JcWALQA3,a00oB000000mSNDQA2,2800,TRUE,1,,,2026-02-20T20:35:11.000+0000,2026-02-20T20:35:11.000+0000
a03oB000000G43lQAC,Unit 2357 - Mississippi Avenue,,a00oB000000mSNNQA2,3350,FALSE,3,Washer/Dryer,,2026-02-20T20:35:11.000+0000,2026-02-20T20:35:11.000+0000
a03oB000000G43mQAC,Unit 2358 - Madison Park,001oB00000JcW5pQAF,a00oB000000mSNjQAM,3250,TRUE,2,Hardwood Floors;Fitness Center,,2026-02-20T20:35:11.000+0000,2026-02-20T20:35:11.000+0000
a03oB000000G43nQAC,Unit 2359 - Financial District,,a00oB000000mSNDQA2,3400,FALSE,1,Patio;Washer/Dryer;Fitness Center,,2026-02-20T20:35:11.000+0000,2026-02-20T20:35:11.000+0000
a03oB000000G43oQAC,Unit 2360 - Irvington,001oB00000JcWBoQAN,a00oB000000mSNTQA2,1800,TRUE,1,,,2026-02-20T20:35:11.000+0000,2026-02-20T20:35:11.000+0000
a03oB000000G43pQAC,Unit 2361 - Ballard,,a00oB000000mSNaQAM,3050,FALSE,2,Washer/Dryer,,2026-02-20T20:35:11.000+0000,2026-02-20T20:35:11.000+0000
a03oB000000G43qQAC,Unit 2362 - Financial District,001oB00000JcWAUQA3,a00oB000000mSNDQA2,3950,TRUE,2,Hardwood Floors;Fitness Center,,2026-02-20T20:35:11.000+0000,2026-02-20T20:35:11.000+0000
a03oB000000G43rQAC,Unit 2363 - Alberta Arts District,,a00oB000000mSNKQA2,2400,FALSE,1,Patio;Washer/Dryer;Fitness Center,,2026-02-20T20:35:11.000+0000,2026-02-20T20:35:11.000+0000
a03oB000000G43sQAC,Unit 2364 - Belltown,001oB00000JcW6MQAV,a00oB000000mSNgQAM,3800,TRUE,3,,,2026-02-20T20:35:11.000+0000,2026-02-20T20:35:11.000+0000
a03oB000000G43tQAC,Unit 2365 - Financial District,,a00oB000000mSNDQA2,3750,FALSE,2,Washer/Dryer,,2026-02-20T20:35:11.000+0000,2026-02-20T20:35:11.000+0000
a03oB000000G43uQAC,Unit 2366 - Sellwood,001oB00000JcWBlQAN,a00oB000000mSNQQA2,2150,TRUE,1,Hardwood Floors;Fitness Center,,2026-02-20T20:35:11.000+0000,2026-02-20T20:35:11.000+0000
a03oB000000G43vQAC,Unit 2367 - West Seattle,,a00oB000000mSNmQAM,4400,FALSE,3,Patio;Washer/Dryer;Fitness Center,,2026-02-20T20:35:11.000+0000,2026-02-20T20:35:11.000+0000
a03oB000000G43wQAC,Unit 2368 - Financial District,001oB00000JcWAOQA3,a00oB000000mSNDQA2,3600,TRUE,2,,,2026-02-20T20:35:11.000+0000,2026-02-20T20:35:11.000+0000
a03oB000000G43xQAC,Unit 2369 - Foster-Powell,,a00oB000000mSNWQA2,1950,FALSE,1,Washer/Dryer,,2026-02-20T20:35:11.000+0000,2026-02-20T20:35:11.000+0000
a03oB000000G43yQAC,Unit 2370 - University District,001oB00000JcW8FQAV,a00oB000000mSNdQAM,2550,TRUE,1,Hardwood Floors;Fitness Center,,2026-02-20T20:35:11.000+0000,2026-02-20T20:35:11.000+0000
a03oB000000G43zQAC,Unit 2371 - Financial District,,a00oB000000mSNDQA2,4200,FALSE,2,Patio;Washer/Dryer;Fitness Center,,2026-02-20T20:35:11.000+0000,2026-02-20T20:35:11.000+0000
a03oB000000G440QAC,Unit 2372 - Mississippi Avenue,001oB00000JcWBiQAN,a00oB000000mSNNQA2,2400,TRUE,2,,,2026-02-20T20:35:11.000+0000,2026-02-20T20:35:11.000+0000
a03oB000000G441QAC,Unit 2373 - Madison Park,,a00oB000000mSNjQAM,2350,FALSE,1,Washer/Dryer,,2026-02-20T20:35:11.000+0000,2026-02-20T20:35:11.000+0000
a03oB000000G442QAC,Unit 2374 - Financial District,001oB00000JcW7CQAV,a00oB000000mSNDQA2,5150,TRUE,3,Hardwood Floors;Fitness Center,,2026-02-20T20:35:11.000+0000,2026-02-20T20:35:11.000+0000
a03oB000000G443QAC,Unit 2375 - Irvington,,a00oB000000mSNTQA2,3000,FALSE,2,Patio;Washer/Dryer;Fitness Center,,2026-02-20T20:35:11.000+0000,2026-02-20T20:35:11.000+0000
a03oB000000G444QAC,Unit 2376 - Ballard,001oB00000JcW6qQAF,a00oB000000mSNaQAM,2200,TRUE,1,,,2026-02-20T20:35:11.000+0000,2026-02-20T20:35:11.000+0000
a03oB000000G445QAC,Unit 2377 - Financial District,,a00oB000000mSNDQA2,4950,FALSE,3,Washer/Dryer,,2026-02-20T20:35:11.000+0000,2026-02-20T20:35:11.000+0000
a03oB000000G446QAC,Unit 2378 - Alberta Arts District,001oB00000JcWBfQAN,a00oB000000mSNKQA2,2750,TRUE,2,Hardwood Floors;Fitness Center,,2026-02-20T20:35:11.000+0000,2026-02-20T20:35:11.000+0000
a03oB000000G447QAC,Unit 2379 - Belltown,,a00oB000000mSNgQAM,2800,FALSE,1,Patio;Washer/Dryer;Fitness Center,,2026-02-20T20:35:11.000+0000,2026-02-20T20:35:11.000+0000
a03oB000000G448QAC,Unit 2380 - Financial District,001oB00000JcWARQA3,a00oB000000mSNDQA2,2800,TRUE,1,,,2026-02-20T20:35:11.000+0000,2026-02-20T20:35:11.000+0000
a03oB000000G449QAC,Unit 2381 - Sellwood,,a00oB000000mSNQQA2,2550,FALSE,2,Washer/Dryer,,2026-02-20T20:35:11.000+0000,2026-02-20T20:35:11.000+0000
a03oB000000G44AQAS,Unit 2382 - West Seattle,001oB00000JcW8CQAV,a00oB000000mSNmQAM,3250,TRUE,2,Hardwood Floors;Fitness Center,,2026-02-20T20:35:11.000+0000,2026-02-20T20:35:11.000+0000
a03oB000000G44BQAS,Unit 2383 - Financial District,,a00oB000000mSNDQA2,3400,FALSE,1,Patio;Washer/Dryer;Fitness Center,,2026-02-20T20:35:11.000+0000,2026-02-20T20:35:11.000+0000
a03oB000000G44CQAS,Unit 2384 - Foster-Powell,001oB00000JcWBcQAN,a00oB000000mSNWQA2,3200,TRUE,3,,,2026-02-20T20:35:11.000+0000,2026-02-20T20:35:11.000+0000
a03oB000000G44DQAS,Unit 2385 - University District,,a00oB000000mSNdQAM,3050,FALSE,2,Washer/Dryer,,2026-02-20T20:35:11.000+0000,2026-02-20T20:35:11.000+0000
a03oB000000G44EQAS,Unit 2386 - Financial District,001oB00000JcW7FQAV,a00oB000000mSNDQA2,3150,TRUE,1,Hardwood Floors;Fitness Center,,2026-02-20T20:35:11.000+0000,2026-02-20T20:35:11.000+0000
a03oB000000G44FQAS,Unit 2387 - Mississippi Avenue,,a00oB000000mSNNQA2,3800,FALSE,3,Patio;Washer/Dryer;Fitness Center,,2026-02-20T20:35:11.000+0000,2026-02-20T20:35:11.000+0000
a03oB000000G44GQAS,Unit 2388 - Madison Park,001oB00000JcW5sQAF,a00oB000000mSNjQAM,2900,TRUE,2,,,2026-02-20T20:35:11.000+0000,2026-02-20T20:35:11.000+0000
a03oB000000G44HQAS,Unit 2389 - Financial District,,a00oB000000mSNDQA2,2950,FALSE,1,Washer/Dryer,,2026-02-20T20:35:11.000+0000,2026-02-20T20:35:11.000+0000
a03oB000000G44IQAS,Unit 2390 - Irvington,001oB00000JcWBZQA3,a00oB000000mSNTQA2,2150,TRUE,1,Hardwood Floors;Fitness Center,,2026-02-20T20:35:11.000+0000,2026-02-20T20:35:11.000+0000
a03oB000000G44JQAS,Unit 2391 - Ballard,,a00oB000000mSNaQAM,3500,FALSE,2,Patio;Washer/Dryer;Fitness Center,,2026-02-20T20:35:11.000+0000,2026-02-20T20:35:11.000+0000
a03oB000000G44KQAS,Unit 2392 - Financial District,001oB00000JcW6KQAV,a00oB000000mSNDQA2,3600,TRUE,2,,,2026-02-20T20:35:11.000+0000,2026-02-20T20:35:11.000+0000
a03oB000000G44LQAS,Unit 2393 - Alberta Arts District,,a00oB000000mSNKQA2,1950,FALSE,1,Washer/Dryer,,2026-02-20T20:35:11.000+0000,2026-02-20T20:35:11.000+0000
a03oB000000G44MQAS,Unit 2394 - Belltown,001oB00000JcW7BQAV,a00oB000000mSNgQAM,4150,TRUE,3,Hardwood Floors;Fitness Center,,2026-02-20T20:35:11.000+0000,2026-02-20T20:35:11.000+0000
a03oB000000G44NQAS,Unit 2395 - Financial District,,a00oB000000mSNDQA2,4200,FALSE,2,Patio;Washer/Dryer;Fitness Center,,2026-02-20T20:35:11.000+0000,2026-02-20T20:35:11.000+0000
a03oB000000G44OQAS,Unit 2396 - Sellwood,001oB00000JcWBWQA3,a00oB000000mSNQQA2,1800,TRUE,1,,,2026-02-20T20:35:11.000+0000,2026-02-20T20:35:11.000+0000
a03oB000000G44PQAS,Unit 2397 - West Seattle,,a00oB000000mSNmQAM,3950,FALSE,3,Washer/Dryer,,2026-02-20T20:35:11.000+0000,2026-02-20T20:35:11.000+0000
a03oB000000G44QQAS,Unit 2398 - Financial District,001oB00000JcW7IQAV,a00oB000000mSNDQA2,3950,TRUE,2,Hardwood Floors;Fitness Center,,2026-02-20T20:35:11.000+0000,2026-02-20T20:35:11.000+0000
a03oB000000G44RQAS,Unit 2399 - Foster-Powell,,a00oB000000mSNWQA2,2400,FALSE,1,Patio;Washer/Dryer;Fitness Center,,2026-02-20T20:35:11.000+0000,2026-02-20T20:35:11.000+0000
a03oB000000G44SQAS,Unit 2400 - University District,001oB00000JcW89QAF,a00oB000000mSNdQAM,2200,TRUE,1,,,2026-02-20T20:35:11.000+0000,2026-02-20T20:35:11.000+0000
a03oB000000G44TQAS,Unit 2401 - Financial District,,a00oB000000mSNDQA2,3750,FALSE,2,Washer/Dryer,,2026-02-20T20:35:11.000+0000,2026-02-20T20:35:11.000+0000
a03oB000000G44UQAS,Unit 2402 - Mississippi Avenue,001oB00000JcWBTQA3,a00oB000000mSNNQA2,2750,TRUE,2,Hardwood Floors;Fitness Center,,2026-02-20T20:35:11.000+0000,2026-02-20T20:35:11.000+0000
a03oB000000G44VQAS,Unit 2403 - Madison Park,,a00oB000000mSNjQAM,2800,FALSE,1,Patio;Washer/Dryer;Fitness Center,,2026-02-20T20:35:11.000+0000,2026-02-20T20:35:11.000+0000
a03oB000000G44WQAS,Unit 2404 - Financial District,001oB00000JcW7LQAV,a00oB000000mSNDQA2,4800,TRUE,3,,,2026-02-20T20:35:11.000+0000,2026-02-20T20:35:11.000+0000
a03oB000000G44XQAS,Unit 2405 - Irvington,,a00oB000000mSNTQA2,2550,FALSE,2,Washer/Dryer,,2026-02-20T20:35:11.000+0000,2026-02-20T20:35:11.000+0000
a03oB000000G44YQAS,Unit 2406 - Ballard,001oB00000JcW86QAF,a00oB000000mSNaQAM,2550,TRUE,1,Hardwood Floors;Fitness Center,,2026-02-20T20:35:11.000+0000,2026-02-20T20:35:11.000+0000
a03oB000000G44ZQAS,Unit 2407 - Financial District,,a00oB000000mSNDQA2,5400,FALSE,3,Patio;Washer/Dryer;Fitness Center,,2026-02-20T20:35:11.000+0000,2026-02-20T20:35:11.000+0000
a03oB000000G44aQAC,Unit 2408 - Alberta Arts District,001oB00000JcWBQQA3,a00oB000000mSNKQA2,2400,TRUE,2,,,2026-02-20T20:35:11.000+0000,2026-02-20T20:35:11.000+0000
a03oB000000G44bQAC,Unit 2409 - Belltown,,a00oB000000mSNgQAM,2350,FALSE,1,Washer/Dryer,,2026-02-20T20:35:11.000+0000,2026-02-20T20:35:11.000+0000
a03oB000000G44cQAC,Unit 2410 - Financial District,001oB00000JcW6HQAV,a00oB000000mSNDQA2,3150,TRUE,1,Hardwood Floors;Fitness Center,,2026-02-20T20:35:11.000+0000,2026-02-20T20:35:11.000+0000
a03oB000000G44dQAC,Unit 2411 - Sellwood,,a00oB000000mSNQQA2,3000,FALSE,2,Patio;Washer/Dryer;Fitness Center,,2026-02-20T20:35:11.000+0000,2026-02-20T20:35:11.000+0000
a03oB000000G44eQAC,Unit 2412 - West Seattle,001oB00000JcW5vQAF,a00oB000000mSNmQAM,2900,TRUE,2,,,2026-02-20T20:35:11.000+0000,2026-02-20T20:35:11.000+0000
a03oB000000G44fQAC,Unit 2413 - Financial District,,a00oB000000mSNDQA2,2950,FALSE,1,Washer/Dryer,,2026-02-20T20:35:11.000+0000,2026-02-20T20:35:11.000+0000
a03oB000000G44gQAC,Unit 2414 - Foster-Powell,001oB00000JcWBNQA3,a00oB000000mSNWQA2,3550,TRUE,3,Hardwood Floors;Fitness Center,,2026-02-20T20:35:11.000+0000,2026-02-20T20:35:11.000+0000
a03oB000000G44hQAC,Unit 2415 - University District,,a00oB000000mSNdQAM,3500,FALSE,2,Patio;Washer/Dryer;Fitness Center,,2026-02-20T20:35:11.000+0000,2026-02-20T20:35:11.000+0000
a03oB000000G44iQAC,Unit 2416 - Financial District,001oB00000JcW7OQAV,a00oB000000mSNDQA2,2800,TRUE,1,,,2026-02-20T20:35:11.000+0000,2026-02-20T20:35:11.000+0000
a03oB000000G44jQAC,Unit 2417 - Mississippi Avenue,,a00oB000000mSNNQA2,3350,FALSE,3,Washer/Dryer,,2026-02-20T20:35:11.000+0000,2026-02-20T20:35:11.000+0000
a03oB000000G44kQAC,Unit 2418 - Madison Park,001oB00000JcW78QAF,a00oB000000mSNjQAM,3250,TRUE,2,Hardwood Floors;Fitness Center,,2026-02-20T20:35:11.000+0000,2026-02-20T20:35:11.000+0000
a03oB000000G44lQAC,Unit 2419 - Financial District,,a00oB000000mSNDQA2,3400,FALSE,1,Patio;Washer/Dryer;Fitness Center,,2026-02-20T20:35:11.000+0000,2026-02-20T20:35:11.000+0000
a03oB000000G44mQAC,Unit 2420 - Irvington,001oB00000JcWBKQA3,a00oB000000mSNTQA2,1800,TRUE,1,,,2026-02-20T20:35:11.000+0000,2026-02-20T20:35:11.000+0000
a03oB000000G44nQAC,Unit 2421 - Ballard,,a00oB000000mSNaQAM,3050,FALSE,2,Washer/Dryer,,2026-02-20T20:35:11.000+0000,2026-02-20T20:35:11.000+0000
a03oB000000G44oQAC,Unit 2422 - Financial District,001oB00000JcW7RQAV,a00oB000000mSNDQA2,3950,TRUE,2,Hardwood Floors;Fitness Center,,2026-02-20T20:35:11.000+0000,2026-02-20T20:35:11.000+0000
a03oB000000G44pQAC,Unit 2423 - Alberta Arts District,,a00oB000000mSNKQA2,2400,FALSE,1,Patio;Washer/Dryer;Fitness Center,,2026-02-20T20:35:11.000+0000,2026-02-20T20:35:11.000+0000
a03oB000000G44qQAC,Unit 2424 - Belltown,001oB00000JcW83QAF,a00oB000000mSNgQAM,3800,TRUE,3,,,2026-02-20T20:35:11.000+0000,2026-02-20T20:35:11.000+0000
a03oB000000G44rQAC,Unit 2425 - Financial District,,a00oB000000mSNDQA2,3750,FALSE,2,Washer/Dryer,,2026-02-20T20:35:11.000+0000,2026-02-20T20:35:11.000+0000
a03oB000000G44sQAC,Unit 2426 - Sellwood,001oB00000JcWBHQA3,a00oB000000mSNQQA2,2150,TRUE,1,Hardwood Floors;Fitness Center,,2026-02-20T20:35:11.000+0000,2026-02-20T20:35:11.000+0000
a03oB000000G44tQAC,Unit 2427 - West Seattle,,a00oB000000mSNmQAM,4400,FALSE,3,Patio;Washer/Dryer;Fitness Center,,2026-02-20T20:35:11.000+0000,2026-02-20T20:35:11.000+0000
a03oB000000G44uQAC,Unit 2428 - Financial District,001oB00000JcW7UQAV,a00oB000000mSNDQA2,3600,TRUE,2,,,2026-02-20T20:35:11.000+0000,2026-02-20T20:35:11.000+0000
a03oB000000G44vQAC,Unit 2429 - Foster-Powell,,a00oB000000mSNWQA2,1950,FALSE,1,Washer/Dryer,,2026-02-20T20:35:11.000+0000,2026-02-20T20:35:11.000+0000
a03oB000000G44wQAC,Unit 2430 - University District,001oB00000JcW80QAF,a00oB000000mSNdQAM,2550,TRUE,1,Hardwood Floors;Fitness Center,,2026-02-20T20:35:11.000+0000,2026-02-20T20:35:11.000+0000
a03oB000000G44xQAC,Unit 2431 - Financial District,,a00oB000000mSNDQA2,4200,FALSE,2,Patio;Washer/Dryer;Fitness Center,,2026-02-20T20:35:11.000+0000,2026-02-20T20:35:11.000+0000
a03oB000000G44yQAC,Unit 2432 - Mississippi Avenue,001oB00000JcWBEQA3,a00oB000000mSNNQA2,2400,TRUE,2,,,2026-02-20T20:35:11.000+0000,2026-02-20T20:35:11.000+0000
a03oB000000G44zQAC,Unit 2433 - Madison Park,,a00oB000000mSNjQAM,2350,FALSE,1,Washer/Dryer,,2026-02-20T20:35:11.000+0000,2026-02-20T20:35:11.000+0000
a03oB000000G450QAC,Unit 2434 - Financial District,001oB00000JcW7XQAV,a00oB000000mSNDQA2,5150,TRUE,3,Hardwood Floors;Fitness Center,,2026-02-20T20:35:11.000+0000,2026-02-20T20:35:11.000+0000
a03oB000000G451QAC,Unit 2435 - Irvington,,a00oB000000mSNTQA2,3000,FALSE,2,Patio;Washer/Dryer;Fitness Center,,2026-02-20T20:35:11.000+0000,2026-02-20T20:35:11.000+0000
a03oB000000G452QAC,Unit 2436 - Ballard,001oB00000JcW5yQAF,a00oB000000mSNaQAM,2200,TRUE,1,,,2026-02-20T20:35:11.000+0000,2026-02-20T20:35:11.000+0000
a03oB000000G453QAC,Unit 2437 - Financial District,,a00oB000000mSNDQA2,4950,FALSE,3,Washer/Dryer,,2026-02-20T20:35:11.000+0000,2026-02-20T20:35:11.000+0000
a03oB000000G454QAC,Unit 2438 - Alberta Arts District,001oB00000JcWBBQA3,a00oB000000mSNKQA2,2750,TRUE,2,Hardwood Floors;Fitness Center,,2026-02-20T20:35:11.000+0000,2026-02-20T20:35:11.000+0000
a03oB000000G455QAC,Unit 2439 - Belltown,,a00oB000000mSNgQAM,2800,FALSE,1,Patio;Washer/Dryer;Fitness Center,,2026-02-20T20:35:11.000+0000,2026-02-20T20:35:11.000+0000
a03oB000000G456QAC,Unit 2440 - Financial District,001oB00000JcW6BQAV,a00oB000000mSNDQA2,2800,TRUE,1,,,2026-02-20T20:35:11.000+0000,2026-02-20T20:35:11.000+0000
a03oB000000G457QAC,Unit 2441 - Sellwood,,a00oB000000mSNQQA2,2550,FALSE,2,Washer/Dryer,,2026-02-20T20:35:11.000+0000,2026-02-20T20:35:11.000+0000
a03oB000000G458QAC,Unit 2442 - West Seattle,001oB00000JcW6PQAV,a00oB000000mSNmQAM,3250,TRUE,2,Hardwood Floors;Fitness Center,,2026-02-20T20:35:11.000+0000,2026-02-20T20:35:11.000+0000
a03oB000000G459QAC,Unit 2443 - Financial District,,a00oB000000mSNDQA2,3400,FALSE,1,Patio;Washer/Dryer;Fitness Center,,2026-02-20T20:35:11.000+0000,2026-02-20T20:35:11.000+0000
a03oB000000G45AQAS,Unit 2444 - Foster-Powell,001oB00000JcWB8QAN,a00oB000000mSNWQA2,3200,TRUE,3,,,2026-02-20T20:35:11.000+0000,2026-02-20T20:35:11.000+0000
a03oB000000G45BQAS,Unit 2445 - University District,,a00oB000000mSNdQAM,3050,FALSE,2,Washer/Dryer,,2026-02-20T20:35:11.000+0000,2026-02-20T20:35:11.000+0000
a03oB000000G45CQAS,Unit 2446 - Financial District,001oB00000JcW7aQAF,a00oB000000mSNDQA2,3150,TRUE,1,Hardwood Floors;Fitness Center,,2026-02-20T20:35:11.000+0000,2026-02-20T20:35:11.000+0000
a03oB000000G45DQAS,Unit 2447 - Mississippi Avenue,,a00oB000000mSNNQA2,3800,FALSE,3,Patio;Washer/Dryer;Fitness Center,,2026-02-20T20:35:11.000+0000,2026-02-20T20:35:11.000+0000
a03oB000000G45EQAS,Unit 2448 - Madison Park,001oB00000JcW7xQAF,a00oB000000mSNjQAM,2900,TRUE,2,,,2026-02-20T20:35:11.000+0000,2026-02-20T20:35:11.000+0000
a03oB000000G45FQAS,Unit 2449 - Financial District,,a00oB000000mSNDQA2,2950,FALSE,1,Washer/Dryer,,2026-02-20T20:35:11.000+0000,2026-02-20T20:35:11.000+0000
a03oB000000G45GQAS,Unit 2450 - Irvington,001oB00000JcWB5QAN,a00oB000000mSNTQA2,2150,TRUE,1,Hardwood Floors;Fitness Center,,2026-02-20T20:35:11.000+0000,2026-02-20T20:35:11.000+0000
a03oB000000G45HQAS,Unit 2451 - Ballard,,a00oB000000mSNaQAM,3500,FALSE,2,Patio;Washer/Dryer;Fitness Center,,2026-02-20T20:35:11.000+0000,2026-02-20T20:35:11.000+0000
a03oB000000G45IQAS,Unit 2452 - Financial District,001oB00000JcW7dQAF,a00oB000000mSNDQA2,3600,TRUE,2,,,2026-02-20T20:35:11.000+0000,2026-02-20T20:35:11.000+0000
a03oB000000G45JQAS,Unit 2453 - Alberta Arts District,,a00oB000000mSNKQA2,1950,FALSE,1,Washer/Dryer,,2026-02-20T20:35:11.000+0000,2026-02-20T20:35:11.000+0000
a03oB000000G45KQAS,Unit 2454 - Belltown,001oB00000JcW6YQAV,a00oB000000mSNgQAM,4150,TRUE,3,Hardwood Floors;Fitness Center,,2026-02-20T20:35:11.000+0000,2026-02-20T20:35:11.000+0000
a03oB000000G45LQAS,Unit 2455 - Financial District,,a00oB000000mSNDQA2,4200,FALSE,2,Patio;Washer/Dryer;Fitness Center,,2026-02-20T20:35:11.000+0000,2026-02-20T20:35:11.000+0000
a03oB000000G45MQAS,Unit 2456 - Sellwood,001oB00000JcWB2QAN,a00oB000000mSNQQA2,1800,TRUE,1,,,2026-02-20T20:35:11.000+0000,2026-02-20T20:35:11.000+0000
a03oB000000G45NQAS,Unit 2457 - West Seattle,,a00oB000000mSNmQAM,3950,FALSE,3,Washer/Dryer,,2026-02-20T20:35:11.000+0000,2026-02-20T20:35:11.000+0000
a03oB000000G45OQAS,Unit 2458 - Financial District,001oB00000JcW68QAF,a00oB000000mSNDQA2,3950,TRUE,2,Hardwood Floors;Fitness Center,,2026-02-20T20:35:11.000+0000,2026-02-20T20:35:11.000+0000
a03oB000000G45PQAS,Unit 2459 - Foster-Powell,,a00oB000000mSNWQA2,2400,FALSE,1,Patio;Washer/Dryer;Fitness Center,,2026-02-20T20:35:11.000+0000,2026-02-20T20:35:11.000+0000
a03oB000000G45QQAS,Unit 2460 - University District,001oB00000JcW7uQAF,a00oB000000mSNdQAM,2200,TRUE,1,,,2026-02-20T20:35:11.000+0000,2026-02-20T20:35:11.000+0000
a03oB000000G45RQAS,Unit 2461 - Financial District,,a00oB000000mSNDQA2,3750,FALSE,2,Washer/Dryer,,2026-02-20T20:35:11.000+0000,2026-02-20T20:35:11.000+0000
a03oB000000G45SQAS,Unit 2462 - Mississippi Avenue,001oB00000JcWAzQAN,a00oB000000mSNNQA2,2750,TRUE,2,Hardwood Floors;Fitness Center,,2026-02-20T20:35:11.000+0000,2026-02-20T20:35:11.000+0000
a03oB000000G45TQAS,Unit 2463 - Madison Park,,a00oB000000mSNjQAM,2800,FALSE,1,Patio;Washer/Dryer;Fitness Center,,2026-02-20T20:35:11.000+0000,2026-02-20T20:35:11.000+0000
a03oB000000G45UQAS,Unit 2464 - Financial District,001oB00000JcW7gQAF,a00oB000000mSNDQA2,4800,TRUE,3,,,2026-02-20T20:35:11.000+0000,2026-02-20T20:35:11.000+0000
a03oB000000G45VQAS,Unit 2465 - Irvington,,a00oB000000mSNTQA2,2550,FALSE,2,Washer/Dryer,,2026-02-20T20:35:11.000+0000,2026-02-20T20:35:11.000+0000
a03oB000000G45WQAS,Unit 2466 - Ballard,001oB00000JcW61QAF,a00oB000000mSNaQAM,2550,TRUE,1,Hardwood Floors;Fitness Center,,2026-02-20T20:35:11.000+0000,2026-02-20T20:35:11.000+0000
a03oB000000G45XQAS,Unit 2467 - Financial District,,a00oB000000mSNDQA2,5400,FALSE,3,Patio;Washer/Dryer;Fitness Center,,2026-02-20T20:35:11.000+0000,2026-02-20T20:35:11.000+0000
a03oB000000G45YQAS,Unit 2468 - Alberta Arts District,001oB00000JcWAwQAN,a00oB000000mSNKQA2,2400,TRUE,2,,,2026-02-20T20:35:11.000+0000,2026-02-20T20:35:11.000+0000
a03oB000000G45ZQAS,Unit 2469 - Belltown,,a00oB000000mSNgQAM,2350,FALSE,1,Washer/Dryer,,2026-02-20T20:35:11.000+0000,2026-02-20T20:35:11.000+0000
a03oB000000G45aQAC,Unit 2470 - Financial District,001oB00000JcW7jQAF,a00oB000000mSNDQA2,3150,TRUE,1,Hardwood Floors;Fitness Center,,2026-02-20T20:35:11.000+0000,2026-02-20T20:35:11.000+0000
a03oB000000G45bQAC,Unit 2471 - Sellwood,,a00oB000000mSNQQA2,3000,FALSE,2,Patio;Washer/Dryer;Fitness Center,,2026-02-20T20:35:11.000+0000,2026-02-20T20:35:11.000+0000
a03oB000000G45cQAC,Unit 2472 - West Seattle,001oB00000JcW75QAF,a00oB000000mSNmQAM,2900,TRUE,2,,,2026-02-20T20:35:11.000+0000,2026-02-20T20:35:11.000+0000
a03oB000000G45dQAC,Unit 2473 - Financial District,,a00oB000000mSNDQA2,2950,FALSE,1,Washer/Dryer,,2026-02-20T20:35:11.000+0000,2026-02-20T20:35:11.000+0000
a03oB000000G45eQAC,Unit 2474 - Foster-Powell,001oB00000JcWAtQAN,a00oB000000mSNWQA2,3550,TRUE,3,Hardwood Floors;Fitness Center,,2026-02-20T20:35:11.000+0000,2026-02-20T20:35:11.000+0000
a03oB000000G45fQAC,Unit 2475 - University District,,a00oB000000mSNdQAM,3500,FALSE,2,Patio;Washer/Dryer;Fitness Center,,2026-02-20T20:35:11.000+0000,2026-02-20T20:35:11.000+0000
a03oB000000G45gQAC,Unit 2476 - Financial District,001oB00000JcW65QAF,a00oB000000mSNDQA2,2800,TRUE,1,,,2026-02-20T20:35:11.000+0000,2026-02-20T20:35:11.000+0000
a03oB000000G45hQAC,Unit 2477 - Mississippi Avenue,,a00oB000000mSNNQA2,3350,FALSE,3,Washer/Dryer,,2026-02-20T20:35:11.000+0000,2026-02-20T20:35:11.000+0000
a03oB000000G45iQAC,Unit 2478 - Madison Park,001oB00000JcW7rQAF,a00oB000000mSNjQAM,3250,TRUE,2,Hardwood Floors;Fitness Center,,2026-02-20T20:35:11.000+0000,2026-02-20T20:35:11.000+0000
a03oB000000G45jQAC,Unit 2479 - Financial District,,a00oB000000mSNDQA2,3400,FALSE,1,Patio;Washer/Dryer;Fitness Center,,2026-02-20T20:35:11.000+0000,2026-02-20T20:35:11.000+0000
a03oB000000G45kQAC,Unit 2480 - Irvington,001oB00000JcWAqQAN,a00oB000000mSNTQA2,1800,TRUE,1,,,2026-02-20T20:35:11.000+0000,2026-02-20T20:35:11.000+0000
a03oB000000G45lQAC,Unit 2481 - Ballard,,a00oB000000mSNaQAM,3050,FALSE,2,Washer/Dryer,,2026-02-20T20:35:11.000+0000,2026-02-20T20:35:11.000+0000
a03oB000000G45mQAC,Unit 2482 - Financial District,001oB00000JcW7mQAF,a00oB000000mSNDQA2,3950,TRUE,2,Hardwood Floors;Fitness Center,,2026-02-20T20:35:11.000+0000,2026-02-20T20:35:11.000+0000
a03oB000000G45nQAC,Unit 2483 - Alberta Arts District,,a00oB000000mSNKQA2,2400,FALSE,1,Patio;Washer/Dryer;Fitness Center,,2026-02-20T20:35:11.000+0000,2026-02-20T20:35:11.000+0000
a03oB000000G45oQAC,Unit 2484 - Belltown,001oB00000JcW6bQAF,a00oB000000mSNgQAM,3800,TRUE,3,,,2026-02-20T20:35:11.000+0000,2026-02-20T20:35:11.000+0000
a03oB000000G45pQAC,Unit 2485 - Financial District,,a00oB000000mSNDQA2,3750,FALSE,2,Washer/Dryer,,2026-02-20T20:35:11.000+0000,2026-02-20T20:35:11.000+0000
a03oB000000G45qQAC,Unit 2486 - Sellwood,001oB00000JcWAnQAN,a00oB000000mSNQQA2,2150,TRUE,1,Hardwood Floors;Fitness Center,,2026-02-20T20:35:11.000+0000,2026-02-20T20:35:11.000+0000
a03oB000000G45rQAC,Unit 2487 - West Seattle,,a00oB000000mSNmQAM,4400,FALSE,3,Patio;Washer/Dryer;Fitness Center,,2026-02-20T20:35:11.000+0000,2026-02-20T20:35:11.000+0000
a03oB000000G45sQAC,Unit 2488 - Financial District,001oB00000JcW7pQAF,a00oB000000mSNDQA2,3600,TRUE,2,,,2026-02-20T20:35:11.000+0000,2026-02-20T20:35:11.000+0000
a03oB000000G45tQAC,Unit 2489 - Foster-Powell,,a00oB000000mSNWQA2,1950,FALSE,1,Washer/Dryer,,2026-02-20T20:35:11.000+0000,2026-02-20T20:35:11.000+0000
a03oB000000G45uQAC,Unit 2490 - University District,001oB00000JcW7oQAF,a00oB000000mSNdQAM,2550,TRUE,1,Hardwood Floors;Fitness Center,,2026-02-20T20:35:11.000+0000,2026-02-20T20:35:11.000+0000
a03oB000000G45vQAC,Unit 2491 - Financial District,,a00oB000000mSNDQA2,4200,FALSE,2,Patio;Washer/Dryer;Fitness Center,,2026-02-20T20:35:11.000+0000,2026-02-20T20:35:11.000+0000
a03oB000000G45wQAC,Unit 2492 - Mississippi Avenue,001oB00000JcWAkQAN,a00oB000000mSNNQA2,2400,TRUE,2,,,2026-02-20T20:35:11.000+0000,2026-02-20T20:35:11.000+0000
a03oB000000G45xQAC,Unit 2493 - Madison Park,,a00oB000000mSNjQAM,2350,FALSE,1,Washer/Dryer,,2026-02-20T20:35:11.000+0000,2026-02-20T20:35:11.000+0000
a03oB000000G45yQAC,Unit 2494 - Financial District,001oB00000JcW62QAF,a00oB000000mSNDQA2,5150,TRUE,3,Hardwood Floors;Fitness Center,,2026-02-20T20:35:11.000+0000,2026-02-20T20:35:11.000+0000
a03oB000000G45zQAC,Unit 2495 - Irvington,,a00oB000000mSNTQA2,3000,FALSE,2,Patio;Washer/Dryer;Fitness Center,,2026-02-20T20:35:11.000+0000,2026-02-20T20:35:11.000+0000
a03oB000000G460QAC,Unit 2496 - Ballard,001oB00000JcW64QAF,a00oB000000mSNaQAM,2200,TRUE,1,,,2026-02-20T20:35:11.000+0000,2026-02-20T20:35:11.000+0000
a03oB000000G461QAC,Unit 2497 - Financial District,,a00oB000000mSNDQA2,4950,FALSE,3,Washer/Dryer,,2026-02-20T20:35:11.000+0000,2026-02-20T20:35:11.000+0000
a03oB000000G462QAC,Unit 2498 - Alberta Arts District,001oB00000JcWAhQAN,a00oB000000mSNKQA2,2750,TRUE,2,Hardwood Floors;Fitness Center,,2026-02-20T20:35:11.000+0000,2026-02-20T20:35:11.000+0000
a03oB000000G463QAC,Unit 2499 - Belltown,,a00oB000000mSNgQAM,2800,FALSE,1,Patio;Washer/Dryer;Fitness Center,,2026-02-20T20:35:11.000+0000,2026-02-20T20:35:11.000+0000